2026-09-14 11:43:10 INFO  o.h.validator.internal.util.Version - HV000001: Hibernate Validator 8.0.1.Final
2026-09-14 11:43:10 INFO  c.h.p.PatientServiceApplication - Starting PatientServiceApplication using Java 21.0.9 with PID 8232 (/home/edwin/Documents/devops/hashimoto-platform/patient-service/target/classes started by edwin in /home/edwin/Documents/devops/hashimoto-platform/patient-service)
2026-09-14 11:43:10 INFO  c.h.p.PatientServiceApplication - The following 1 profile is active: "local"
2026-09-14 11:43:10 WARN  o.s.c.a.AnnotationTypeMapping - Support for convention-based annotation attribute overrides is deprecated and will be removed in Spring Framework 6.2. Please annotate the following attributes in @org.axonframework.spring.stereotype.Aggregate with appropriate @AliasFor declarations: [type]
2026-09-14 11:43:10 WARN  o.s.c.a.AnnotationTypeMapping - Support for convention-based annotation attribute overrides is deprecated and will be removed in Spring Framework 6.2. Please annotate the following attributes in @org.axonframework.eventsourcing.EventSourcingHandler with appropriate @AliasFor declarations: [payloadType]
2026-09-14 11:43:10 WARN  o.s.c.a.AnnotationTypeMapping - Support for convention-based annotation attribute overrides is deprecated and will be removed in Spring Framework 6.2. Please annotate the following attributes in @org.axonframework.eventsourcing.EventSourcingHandler with appropriate @AliasFor declarations: [payloadType]
2026-09-14 11:43:10 INFO  o.s.d.r.c.RepositoryConfigurationDelegate - Bootstrapping Spring Data JPA repositories in DEFAULT mode.
2026-09-14 11:43:10 INFO  o.s.d.r.c.RepositoryConfigurationDelegate - Finished Spring Data repository scanning in 5 ms. Found 0 JPA repository interfaces.
2026-09-14 11:43:11 INFO  o.s.b.w.e.tomcat.TomcatWebServer - Tomcat initialized with port 8080 (http)
2026-09-14 11:43:11 INFO  o.a.coyote.http11.Http11NioProtocol - Initializing ProtocolHandler ["http-nio-8080"]
2026-09-14 11:43:11 INFO  o.a.catalina.core.StandardService - Starting service [Tomcat]
2026-09-14 11:43:11 INFO  o.a.catalina.core.StandardEngine - Starting Servlet engine: [Apache Tomcat/10.1.25]
2026-09-14 11:43:11 INFO  o.a.c.c.C.[Tomcat].[localhost].[/] - Initializing Spring embedded WebApplicationContext
2026-09-14 11:43:11 INFO  o.s.b.w.s.c.ServletWebServerApplicationContext - Root WebApplicationContext: initialization completed in 896 ms
2026-09-14 11:43:11 INFO  o.h.jpa.internal.util.LogHelper - HHH000204: Processing PersistenceUnitInfo [name: default]
2026-09-14 11:43:11 INFO  org.hibernate.Version - HHH000412: Hibernate ORM core version 6.5.2.Final
2026-09-14 11:43:11 INFO  o.h.c.i.RegionFactoryInitiator - HHH000026: Second-level cache disabled
2026-09-14 11:43:11 INFO  o.s.o.j.p.SpringPersistenceUnitInfo - No LoadTimeWeaver setup: ignoring JPA class transformer
2026-09-14 11:43:11 INFO  com.zaxxer.hikari.HikariDataSource - HikariPool-1 - Starting...
2026-09-14 11:43:12 WARN  o.h.e.j.e.i.JdbcEnvironmentInitiator - HHH000342: Could not obtain connection to query metadata
java.lang.NullPointerException: Cannot invoke "org.hibernate.engine.jdbc.spi.SqlExceptionHelper.convert(java.sql.SQLException, String)" because the return value of "org.hibernate.resource.transaction.backend.jdbc.internal.JdbcIsolationDelegate.sqlExceptionHelper()" is null
	at org.hibernate.resource.transaction.backend.jdbc.internal.JdbcIsolationDelegate.delegateWork(JdbcIsolationDelegate.java:116)
	at org.hibernate.engine.jdbc.env.internal.JdbcEnvironmentInitiator.getJdbcEnvironmentUsingJdbcMetadata(JdbcEnvironmentInitiator.java:290)
	at org.hibernate.engine.jdbc.env.internal.JdbcEnvironmentInitiator.initiateService(JdbcEnvironmentInitiator.java:123)
	at org.hibernate.engine.jdbc.env.internal.JdbcEnvironmentInitiator.initiateService(JdbcEnvironmentInitiator.java:77)
	at org.hibernate.boot.registry.internal.StandardServiceRegistryImpl.initiateService(StandardServiceRegistryImpl.java:130)
	at org.hibernate.service.internal.AbstractServiceRegistryImpl.createService(AbstractServiceRegistryImpl.java:263)
	at org.hibernate.service.internal.AbstractServiceRegistryImpl.initializeService(AbstractServiceRegistryImpl.java:238)
	at org.hibernate.service.internal.AbstractServiceRegistryImpl.getService(AbstractServiceRegistryImpl.java:215)
	at org.hibernate.boot.model.relational.Database.<init>(Database.java:45)
	at org.hibernate.boot.internal.InFlightMetadataCollectorImpl.getDatabase(InFlightMetadataCollectorImpl.java:221)
	at org.hibernate.boot.internal.InFlightMetadataCollectorImpl.<init>(InFlightMetadataCollectorImpl.java:189)
	at org.hibernate.boot.model.process.spi.MetadataBuildingProcess.complete(MetadataBuildingProcess.java:171)
	at org.hibernate.jpa.boot.internal.EntityManagerFactoryBuilderImpl.metadata(EntityManagerFactoryBuilderImpl.java:1431)
	at org.hibernate.jpa.boot.internal.EntityManagerFactoryBuilderImpl.build(EntityManagerFactoryBuilderImpl.java:1502)
	at org.springframework.orm.jpa.vendor.SpringHibernateJpaPersistenceProvider.createContainerEntityManagerFactory(SpringHibernateJpaPersistenceProvider.java:75)
	at org.springframework.orm.jpa.LocalContainerEntityManagerFactoryBean.createNativeEntityManagerFactory(LocalContainerEntityManagerFactoryBean.java:390)
	at org.springframework.orm.jpa.AbstractEntityManagerFactoryBean.buildNativeEntityManagerFactory(AbstractEntityManagerFactoryBean.java:409)
	at org.springframework.orm.jpa.AbstractEntityManagerFactoryBean.afterPropertiesSet(AbstractEntityManagerFactoryBean.java:396)
	at org.springframework.orm.jpa.LocalContainerEntityManagerFactoryBean.afterPropertiesSet(LocalContainerEntityManagerFactoryBean.java:366)
	at org.springframework.beans.factory.support.AbstractAutowireCapableBeanFactory.invokeInitMethods(AbstractAutowireCapableBeanFactory.java:1835)
	at org.springframework.beans.factory.support.AbstractAutowireCapableBeanFactory.initializeBean(AbstractAutowireCapableBeanFactory.java:1784)
	at org.springframework.beans.factory.support.AbstractAutowireCapableBeanFactory.doCreateBean(AbstractAutowireCapableBeanFactory.java:600)
	at org.springframework.beans.factory.support.AbstractAutowireCapableBeanFactory.createBean(AbstractAutowireCapableBeanFactory.java:522)
	at org.springframework.beans.factory.support.AbstractBeanFactory.lambda$doGetBean$0(AbstractBeanFactory.java:337)
	at org.springframework.beans.factory.support.DefaultSingletonBeanRegistry.getSingleton(DefaultSingletonBeanRegistry.java:234)
	at org.springframework.beans.factory.support.AbstractBeanFactory.doGetBean(AbstractBeanFactory.java:335)
	at org.springframework.beans.factory.support.AbstractBeanFactory.getBean(AbstractBeanFactory.java:205)
	at org.springframework.context.support.AbstractApplicationContext.finishBeanFactoryInitialization(AbstractApplicationContext.java:952)
	at org.springframework.context.support.AbstractApplicationContext.refresh(AbstractApplicationContext.java:624)
	at org.springframework.boot.web.servlet.context.ServletWebServerApplicationContext.refresh(ServletWebServerApplicationContext.java:146)
	at org.springframework.boot.SpringApplication.refresh(SpringApplication.java:754)
	at org.springframework.boot.SpringApplication.refreshContext(SpringApplication.java:456)
	at org.springframework.boot.SpringApplication.run(SpringApplication.java:335)
	at org.springframework.boot.builder.SpringApplicationBuilder.run(SpringApplicationBuilder.java:149)
	at com.hashimoto.patient_service.PatientServiceApplication.main(PatientServiceApplication.java:14)
2026-09-14 11:43:12 WARN  org.hibernate.orm.deprecation - HHH90000025: PostgreSQLDialect does not need to be specified explicitly using 'hibernate.dialect' (remove the property setting and it will be selected by default)
2026-09-14 11:43:12 INFO  o.h.e.t.j.p.i.JtaPlatformInitiator - HHH000489: No JTA platform available (set 'hibernate.transaction.jta.platform' to enable JTA platform integration)
2026-09-14 11:43:12 INFO  o.s.o.j.LocalContainerEntityManagerFactoryBean - Initialized JPA EntityManagerFactory for persistence unit 'default'
2026-09-14 11:43:12 INFO  o.a.s.a.XStreamAutoConfiguration - Initializing an XStream instance since none was found. The auto configuration base packages will be used as wildcards for the XStream security settings.
2026-09-14 11:43:12 INFO  o.a.s.u.XStreamSecurityTypeUtility - Constructing wildcard type for base package [com.hashimoto.patient_service].
2026-09-14 11:43:12 INFO  o.a.serialization.ChainingConverter - ContentTypeConverter of type [class org.axonframework.serialization.xml.Dom4JToByteArrayConverter] is ignored. It seems to rely on a class that is not available in the class loader: org/dom4j/Document
2026-09-14 11:43:12 INFO  o.a.serialization.ChainingConverter - ContentTypeConverter of type [class org.axonframework.serialization.xml.InputStreamToDom4jConverter] is ignored. It seems to rely on a class that is not available in the class loader: org/dom4j/Document
2026-09-14 11:43:12 INFO  o.a.serialization.ChainingConverter - ContentTypeConverter of type [class org.axonframework.serialization.xml.XomToStringConverter] is ignored. It seems to rely on a class that is not available in the class loader: nu/xom/Document
2026-09-14 11:43:12 INFO  o.a.serialization.ChainingConverter - ContentTypeConverter of type [class org.axonframework.serialization.xml.InputStreamToXomConverter] is ignored. It seems to rely on a class that is not available in the class loader: nu/xom/ParsingException
2026-09-14 11:43:12 INFO  o.a.config.AxonIQConsoleModule - 
################################################################################################
## You have not configured AxonIQ Console. AxonIQ Console provides out-of-the box monitoring  ##
## and management capabilities for your Axon Application, starting with it is free.           ##
## Visit https://console.axoniq.io for more information!                                      ##
## Suppress this message by setting system property disable-axoniq-console-message to true.   ##
################################################################################################

2026-09-14 11:43:12 WARN  o.s.b.a.o.j.JpaBaseConfiguration$JpaWebConfiguration - spring.jpa.open-in-view is enabled by default. Therefore, database queries may be performed during view rendering. Explicitly configure spring.jpa.open-in-view to disable this warning
2026-09-14 11:43:13 INFO  o.s.b.a.e.web.EndpointLinksResolver - Exposing 1 endpoint beneath base path '/actuator'
2026-09-14 11:43:13 INFO  o.a.coyote.http11.Http11NioProtocol - Starting ProtocolHandler ["http-nio-8080"]
2026-09-14 11:43:13 INFO  o.s.b.w.e.tomcat.TomcatWebServer - Tomcat started on port 8080 (http) with context path '/'
2026-09-14 11:43:13 INFO  c.h.p.PatientServiceApplication - Started PatientServiceApplication in 3.478 seconds (process running for 3.632)
2026-09-14 11:50:02 INFO  o.a.e.k.e.consumer.AsyncFetcher - Shutting down AsyncFetcher
2026-09-14 11:50:02 INFO  o.s.o.j.LocalContainerEntityManagerFactoryBean - Closing JPA EntityManagerFactory for persistence unit 'default'
2026-09-14 11:50:34 INFO  o.h.validator.internal.util.Version - HV000001: Hibernate Validator 8.0.1.Final
2026-09-14 11:50:34 INFO  c.h.p.PatientServiceApplication - Starting PatientServiceApplication using Java 21.0.9 with PID 10254 (/home/edwin/Documents/devops/hashimoto-platform/patient-service/target/classes started by edwin in /home/edwin/Documents/devops/hashimoto-platform/patient-service)
2026-09-14 11:50:34 INFO  c.h.p.PatientServiceApplication - The following 1 profile is active: "local"
2026-09-14 11:50:34 WARN  o.s.c.a.AnnotationTypeMapping - Support for convention-based annotation attribute overrides is deprecated and will be removed in Spring Framework 6.2. Please annotate the following attributes in @org.axonframework.spring.stereotype.Aggregate with appropriate @AliasFor declarations: [type]
2026-09-14 11:50:34 WARN  o.s.c.a.AnnotationTypeMapping - Support for convention-based annotation attribute overrides is deprecated and will be removed in Spring Framework 6.2. Please annotate the following attributes in @org.axonframework.eventsourcing.EventSourcingHandler with appropriate @AliasFor declarations: [payloadType]
2026-09-14 11:50:34 WARN  o.s.c.a.AnnotationTypeMapping - Support for convention-based annotation attribute overrides is deprecated and will be removed in Spring Framework 6.2. Please annotate the following attributes in @org.axonframework.eventsourcing.EventSourcingHandler with appropriate @AliasFor declarations: [payloadType]
2026-09-14 11:50:35 INFO  o.s.d.r.c.RepositoryConfigurationDelegate - Bootstrapping Spring Data JPA repositories in DEFAULT mode.
2026-09-14 11:50:35 INFO  o.s.d.r.c.RepositoryConfigurationDelegate - Finished Spring Data repository scanning in 7 ms. Found 0 JPA repository interfaces.
2026-09-14 11:50:35 INFO  o.s.b.w.e.tomcat.TomcatWebServer - Tomcat initialized with port 8080 (http)
2026-09-14 11:50:35 INFO  o.a.coyote.http11.Http11NioProtocol - Initializing ProtocolHandler ["http-nio-8080"]
2026-09-14 11:50:35 INFO  o.a.catalina.core.StandardService - Starting service [Tomcat]
2026-09-14 11:50:35 INFO  o.a.catalina.core.StandardEngine - Starting Servlet engine: [Apache Tomcat/10.1.25]
2026-09-14 11:50:35 INFO  o.a.c.c.C.[Tomcat].[localhost].[/] - Initializing Spring embedded WebApplicationContext
2026-09-14 11:50:35 INFO  o.s.b.w.s.c.ServletWebServerApplicationContext - Root WebApplicationContext: initialization completed in 881 ms
2026-09-14 11:50:35 INFO  o.h.jpa.internal.util.LogHelper - HHH000204: Processing PersistenceUnitInfo [name: default]
2026-09-14 11:50:35 INFO  org.hibernate.Version - HHH000412: Hibernate ORM core version 6.5.2.Final
2026-09-14 11:50:35 INFO  o.h.c.i.RegionFactoryInitiator - HHH000026: Second-level cache disabled
2026-09-14 11:50:35 INFO  o.s.o.j.p.SpringPersistenceUnitInfo - No LoadTimeWeaver setup: ignoring JPA class transformer
2026-09-14 11:50:35 INFO  com.zaxxer.hikari.HikariDataSource - HikariPool-1 - Starting...
2026-09-14 11:50:36 WARN  o.h.e.j.e.i.JdbcEnvironmentInitiator - HHH000342: Could not obtain connection to query metadata
java.lang.NullPointerException: Cannot invoke "org.hibernate.engine.jdbc.spi.SqlExceptionHelper.convert(java.sql.SQLException, String)" because the return value of "org.hibernate.resource.transaction.backend.jdbc.internal.JdbcIsolationDelegate.sqlExceptionHelper()" is null
	at org.hibernate.resource.transaction.backend.jdbc.internal.JdbcIsolationDelegate.delegateWork(JdbcIsolationDelegate.java:116)
	at org.hibernate.engine.jdbc.env.internal.JdbcEnvironmentInitiator.getJdbcEnvironmentUsingJdbcMetadata(JdbcEnvironmentInitiator.java:290)
	at org.hibernate.engine.jdbc.env.internal.JdbcEnvironmentInitiator.initiateService(JdbcEnvironmentInitiator.java:123)
	at org.hibernate.engine.jdbc.env.internal.JdbcEnvironmentInitiator.initiateService(JdbcEnvironmentInitiator.java:77)
	at org.hibernate.boot.registry.internal.StandardServiceRegistryImpl.initiateService(StandardServiceRegistryImpl.java:130)
	at org.hibernate.service.internal.AbstractServiceRegistryImpl.createService(AbstractServiceRegistryImpl.java:263)
	at org.hibernate.service.internal.AbstractServiceRegistryImpl.initializeService(AbstractServiceRegistryImpl.java:238)
	at org.hibernate.service.internal.AbstractServiceRegistryImpl.getService(AbstractServiceRegistryImpl.java:215)
	at org.hibernate.boot.model.relational.Database.<init>(Database.java:45)
	at org.hibernate.boot.internal.InFlightMetadataCollectorImpl.getDatabase(InFlightMetadataCollectorImpl.java:221)
	at org.hibernate.boot.internal.InFlightMetadataCollectorImpl.<init>(InFlightMetadataCollectorImpl.java:189)
	at org.hibernate.boot.model.process.spi.MetadataBuildingProcess.complete(MetadataBuildingProcess.java:171)
	at org.hibernate.jpa.boot.internal.EntityManagerFactoryBuilderImpl.metadata(EntityManagerFactoryBuilderImpl.java:1431)
	at org.hibernate.jpa.boot.internal.EntityManagerFactoryBuilderImpl.build(EntityManagerFactoryBuilderImpl.java:1502)
	at org.springframework.orm.jpa.vendor.SpringHibernateJpaPersistenceProvider.createContainerEntityManagerFactory(SpringHibernateJpaPersistenceProvider.java:75)
	at org.springframework.orm.jpa.LocalContainerEntityManagerFactoryBean.createNativeEntityManagerFactory(LocalContainerEntityManagerFactoryBean.java:390)
	at org.springframework.orm.jpa.AbstractEntityManagerFactoryBean.buildNativeEntityManagerFactory(AbstractEntityManagerFactoryBean.java:409)
	at org.springframework.orm.jpa.AbstractEntityManagerFactoryBean.afterPropertiesSet(AbstractEntityManagerFactoryBean.java:396)
	at org.springframework.orm.jpa.LocalContainerEntityManagerFactoryBean.afterPropertiesSet(LocalContainerEntityManagerFactoryBean.java:366)
	at org.springframework.beans.factory.support.AbstractAutowireCapableBeanFactory.invokeInitMethods(AbstractAutowireCapableBeanFactory.java:1835)
	at org.springframework.beans.factory.support.AbstractAutowireCapableBeanFactory.initializeBean(AbstractAutowireCapableBeanFactory.java:1784)
	at org.springframework.beans.factory.support.AbstractAutowireCapableBeanFactory.doCreateBean(AbstractAutowireCapableBeanFactory.java:600)
	at org.springframework.beans.factory.support.AbstractAutowireCapableBeanFactory.createBean(AbstractAutowireCapableBeanFactory.java:522)
	at org.springframework.beans.factory.support.AbstractBeanFactory.lambda$doGetBean$0(AbstractBeanFactory.java:337)
	at org.springframework.beans.factory.support.DefaultSingletonBeanRegistry.getSingleton(DefaultSingletonBeanRegistry.java:234)
	at org.springframework.beans.factory.support.AbstractBeanFactory.doGetBean(AbstractBeanFactory.java:335)
	at org.springframework.beans.factory.support.AbstractBeanFactory.getBean(AbstractBeanFactory.java:205)
	at org.springframework.context.support.AbstractApplicationContext.finishBeanFactoryInitialization(AbstractApplicationContext.java:952)
	at org.springframework.context.support.AbstractApplicationContext.refresh(AbstractApplicationContext.java:624)
	at org.springframework.boot.web.servlet.context.ServletWebServerApplicationContext.refresh(ServletWebServerApplicationContext.java:146)
	at org.springframework.boot.SpringApplication.refresh(SpringApplication.java:754)
	at org.springframework.boot.SpringApplication.refreshContext(SpringApplication.java:456)
	at org.springframework.boot.SpringApplication.run(SpringApplication.java:335)
	at org.springframework.boot.builder.SpringApplicationBuilder.run(SpringApplicationBuilder.java:149)
	at com.hashimoto.patient_service.PatientServiceApplication.main(PatientServiceApplication.java:14)
2026-09-14 11:50:36 WARN  org.hibernate.orm.deprecation - HHH90000025: PostgreSQLDialect does not need to be specified explicitly using 'hibernate.dialect' (remove the property setting and it will be selected by default)
2026-09-14 11:50:37 INFO  o.h.e.t.j.p.i.JtaPlatformInitiator - HHH000489: No JTA platform available (set 'hibernate.transaction.jta.platform' to enable JTA platform integration)
2026-09-14 11:50:37 INFO  o.s.o.j.LocalContainerEntityManagerFactoryBean - Initialized JPA EntityManagerFactory for persistence unit 'default'
2026-09-14 11:50:37 INFO  o.a.s.a.XStreamAutoConfiguration - Initializing an XStream instance since none was found. The auto configuration base packages will be used as wildcards for the XStream security settings.
2026-09-14 11:50:37 INFO  o.a.s.u.XStreamSecurityTypeUtility - Constructing wildcard type for base package [com.hashimoto.patient_service].
2026-09-14 11:50:37 INFO  o.a.serialization.ChainingConverter - ContentTypeConverter of type [class org.axonframework.serialization.xml.Dom4JToByteArrayConverter] is ignored. It seems to rely on a class that is not available in the class loader: org/dom4j/Document
2026-09-14 11:50:37 INFO  o.a.serialization.ChainingConverter - ContentTypeConverter of type [class org.axonframework.serialization.xml.InputStreamToDom4jConverter] is ignored. It seems to rely on a class that is not available in the class loader: org/dom4j/Document
2026-09-14 11:50:37 INFO  o.a.serialization.ChainingConverter - ContentTypeConverter of type [class org.axonframework.serialization.xml.XomToStringConverter] is ignored. It seems to rely on a class that is not available in the class loader: nu/xom/Document
2026-09-14 11:50:37 INFO  o.a.serialization.ChainingConverter - ContentTypeConverter of type [class org.axonframework.serialization.xml.InputStreamToXomConverter] is ignored. It seems to rely on a class that is not available in the class loader: nu/xom/ParsingException
2026-09-14 11:50:37 INFO  o.a.config.AxonIQConsoleModule - 
################################################################################################
## You have not configured AxonIQ Console. AxonIQ Console provides out-of-the box monitoring  ##
## and management capabilities for your Axon Application, starting with it is free.           ##
## Visit https://console.axoniq.io for more information!                                      ##
## Suppress this message by setting system property disable-axoniq-console-message to true.   ##
################################################################################################

2026-09-14 11:50:37 WARN  o.s.b.a.o.j.JpaBaseConfiguration$JpaWebConfiguration - spring.jpa.open-in-view is enabled by default. Therefore, database queries may be performed during view rendering. Explicitly configure spring.jpa.open-in-view to disable this warning
2026-09-14 11:50:37 INFO  o.s.b.a.e.web.EndpointLinksResolver - Exposing 1 endpoint beneath base path '/actuator'
2026-09-14 11:50:37 INFO  o.a.coyote.http11.Http11NioProtocol - Starting ProtocolHandler ["http-nio-8080"]
2026-09-14 11:50:37 INFO  o.s.b.w.e.tomcat.TomcatWebServer - Tomcat started on port 8080 (http) with context path '/'
2026-09-14 11:50:37 INFO  c.h.p.PatientServiceApplication - Started PatientServiceApplication in 3.394 seconds (process running for 3.545)
2026-09-14 11:51:57 INFO  o.a.c.c.C.[Tomcat].[localhost].[/] - Initializing Spring DispatcherServlet 'dispatcherServlet'
2026-09-14 11:51:57 INFO  o.s.web.servlet.DispatcherServlet - Initializing Servlet 'dispatcherServlet'
2026-09-14 11:51:57 INFO  o.s.web.servlet.DispatcherServlet - Completed initialization in 1 ms
2026-09-14 11:51:57 INFO  com.zaxxer.hikari.HikariDataSource - HikariPool-1 - Starting...
2026-09-14 11:51:58 WARN  o.h.e.jdbc.spi.SqlExceptionHelper - SQL Error: 0, SQLState: 28P01
2026-09-14 11:51:58 ERROR o.h.e.jdbc.spi.SqlExceptionHelper - FATAL: password authentication failed for user "postgres"
2026-09-14 11:51:58 ERROR o.a.c.c.C.[.[.[.[dispatcherServlet] - Servlet.service() for servlet [dispatcherServlet] in context with path [] threw exception [Request processing failed: org.springframework.transaction.CannotCreateTransactionException: Could not open JPA EntityManager for transaction] with root cause
org.postgresql.util.PSQLException: FATAL: password authentication failed for user "postgres"
	at org.postgresql.core.v3.ConnectionFactoryImpl.doAuthentication(ConnectionFactoryImpl.java:698)
	at org.postgresql.core.v3.ConnectionFactoryImpl.tryConnect(ConnectionFactoryImpl.java:207)
	at org.postgresql.core.v3.ConnectionFactoryImpl.openConnectionImpl(ConnectionFactoryImpl.java:262)
	at org.postgresql.core.ConnectionFactory.openConnection(ConnectionFactory.java:54)
	at org.postgresql.jdbc.PgConnection.<init>(PgConnection.java:273)
	at org.postgresql.Driver.makeConnection(Driver.java:446)
	at org.postgresql.Driver.connect(Driver.java:298)
	at com.zaxxer.hikari.util.DriverDataSource.getConnection(DriverDataSource.java:137)
	at com.zaxxer.hikari.pool.PoolBase.newConnection(PoolBase.java:360)
	at com.zaxxer.hikari.pool.PoolBase.newPoolEntry(PoolBase.java:202)
	at com.zaxxer.hikari.pool.HikariPool.createPoolEntry(HikariPool.java:461)
	at com.zaxxer.hikari.pool.HikariPool.checkFailFast(HikariPool.java:550)
	at com.zaxxer.hikari.pool.HikariPool.<init>(HikariPool.java:98)
	at com.zaxxer.hikari.HikariDataSource.getConnection(HikariDataSource.java:111)
	at org.hibernate.engine.jdbc.connections.internal.DatasourceConnectionProviderImpl.getConnection(DatasourceConnectionProviderImpl.java:122)
	at org.hibernate.internal.NonContextualJdbcConnectionAccess.obtainConnection(NonContextualJdbcConnectionAccess.java:46)
	at org.hibernate.resource.jdbc.internal.LogicalConnectionManagedImpl.acquireConnectionIfNeeded(LogicalConnectionManagedImpl.java:113)
	at org.hibernate.resource.jdbc.internal.LogicalConnectionManagedImpl.getPhysicalConnection(LogicalConnectionManagedImpl.java:143)
	at org.hibernate.resource.jdbc.internal.LogicalConnectionManagedImpl.getConnectionForTransactionManagement(LogicalConnectionManagedImpl.java:273)
	at org.hibernate.resource.jdbc.internal.LogicalConnectionManagedImpl.begin(LogicalConnectionManagedImpl.java:281)
	at org.hibernate.resource.transaction.backend.jdbc.internal.JdbcResourceLocalTransactionCoordinatorImpl$TransactionDriverControlImpl.begin(JdbcResourceLocalTransactionCoordinatorImpl.java:232)
	at org.hibernate.engine.transaction.internal.TransactionImpl.begin(TransactionImpl.java:83)
	at org.springframework.orm.jpa.vendor.HibernateJpaDialect.beginTransaction(HibernateJpaDialect.java:176)
	at org.springframework.orm.jpa.JpaTransactionManager.doBegin(JpaTransactionManager.java:420)
	at org.springframework.transaction.support.AbstractPlatformTransactionManager.startTransaction(AbstractPlatformTransactionManager.java:532)
	at org.springframework.transaction.support.AbstractPlatformTransactionManager.getTransaction(AbstractPlatformTransactionManager.java:405)
	at org.axonframework.spring.messaging.unitofwork.SpringTransactionManager.startTransaction(SpringTransactionManager.java:65)
	at org.axonframework.messaging.unitofwork.UnitOfWork.attachTransaction(UnitOfWork.java:273)
	at org.axonframework.commandhandling.SimpleCommandBus.lambda$handle$2(SimpleCommandBus.java:197)
	at org.axonframework.tracing.Span.runSupplier(Span.java:163)
	at org.axonframework.commandhandling.SimpleCommandBus.handle(SimpleCommandBus.java:191)
	at org.axonframework.commandhandling.SimpleCommandBus.doDispatch(SimpleCommandBus.java:165)
	at org.axonframework.commandhandling.SimpleCommandBus.lambda$dispatch$1(SimpleCommandBus.java:131)
	at org.axonframework.tracing.Span.run(Span.java:101)
	at org.axonframework.commandhandling.SimpleCommandBus.dispatch(SimpleCommandBus.java:125)
	at org.axonframework.commandhandling.gateway.AbstractCommandGateway.send(AbstractCommandGateway.java:76)
	at org.axonframework.commandhandling.gateway.DefaultCommandGateway.send(DefaultCommandGateway.java:83)
	at org.axonframework.commandhandling.gateway.DefaultCommandGateway.send(DefaultCommandGateway.java:138)
	at com.hashimoto.patient_service.api.PatientControllerAPI.createPatient(PatientControllerAPI.java:37)
	at java.base/jdk.internal.reflect.DirectMethodHandleAccessor.invoke(DirectMethodHandleAccessor.java:103)
	at java.base/java.lang.reflect.Method.invoke(Method.java:580)
	at org.springframework.web.method.support.InvocableHandlerMethod.doInvoke(InvocableHandlerMethod.java:255)
	at org.springframework.web.method.support.InvocableHandlerMethod.invokeForRequest(InvocableHandlerMethod.java:188)
	at org.springframework.web.servlet.mvc.method.annotation.ServletInvocableHandlerMethod.invokeAndHandle(ServletInvocableHandlerMethod.java:118)
	at org.springframework.web.servlet.mvc.method.annotation.RequestMappingHandlerAdapter.invokeHandlerMethod(RequestMappingHandlerAdapter.java:926)
	at org.springframework.web.servlet.mvc.method.annotation.RequestMappingHandlerAdapter.handleInternal(RequestMappingHandlerAdapter.java:831)
	at org.springframework.web.servlet.mvc.method.AbstractHandlerMethodAdapter.handle(AbstractHandlerMethodAdapter.java:87)
	at org.springframework.web.servlet.DispatcherServlet.doDispatch(DispatcherServlet.java:1089)
	at org.springframework.web.servlet.DispatcherServlet.doService(DispatcherServlet.java:979)
	at org.springframework.web.servlet.FrameworkServlet.processRequest(FrameworkServlet.java:1014)
	at org.springframework.web.servlet.FrameworkServlet.doPost(FrameworkServlet.java:914)
	at jakarta.servlet.http.HttpServlet.service(HttpServlet.java:590)
	at org.springframework.web.servlet.FrameworkServlet.service(FrameworkServlet.java:885)
	at jakarta.servlet.http.HttpServlet.service(HttpServlet.java:658)
	at org.apache.catalina.core.ApplicationFilterChain.internalDoFilter(ApplicationFilterChain.java:195)
	at org.apache.catalina.core.ApplicationFilterChain.doFilter(ApplicationFilterChain.java:140)
	at org.apache.tomcat.websocket.server.WsFilter.doFilter(WsFilter.java:51)
	at org.apache.catalina.core.ApplicationFilterChain.internalDoFilter(ApplicationFilterChain.java:164)
	at org.apache.catalina.core.ApplicationFilterChain.doFilter(ApplicationFilterChain.java:140)
	at org.springframework.web.filter.RequestContextFilter.doFilterInternal(RequestContextFilter.java:100)
	at org.springframework.web.filter.OncePerRequestFilter.doFilter(OncePerRequestFilter.java:116)
	at org.apache.catalina.core.ApplicationFilterChain.internalDoFilter(ApplicationFilterChain.java:164)
	at org.apache.catalina.core.ApplicationFilterChain.doFilter(ApplicationFilterChain.java:140)
	at org.springframework.web.filter.FormContentFilter.doFilterInternal(FormContentFilter.java:93)
	at org.springframework.web.filter.OncePerRequestFilter.doFilter(OncePerRequestFilter.java:116)
	at org.apache.catalina.core.ApplicationFilterChain.internalDoFilter(ApplicationFilterChain.java:164)
	at org.apache.catalina.core.ApplicationFilterChain.doFilter(ApplicationFilterChain.java:140)
	at org.springframework.web.filter.ServerHttpObservationFilter.doFilterInternal(ServerHttpObservationFilter.java:107)
	at org.springframework.web.filter.OncePerRequestFilter.doFilter(OncePerRequestFilter.java:116)
	at org.apache.catalina.core.ApplicationFilterChain.internalDoFilter(ApplicationFilterChain.java:164)
	at org.apache.catalina.core.ApplicationFilterChain.doFilter(ApplicationFilterChain.java:140)
	at org.springframework.web.filter.CharacterEncodingFilter.doFilterInternal(CharacterEncodingFilter.java:201)
	at org.springframework.web.filter.OncePerRequestFilter.doFilter(OncePerRequestFilter.java:116)
	at org.apache.catalina.core.ApplicationFilterChain.internalDoFilter(ApplicationFilterChain.java:164)
	at org.apache.catalina.core.ApplicationFilterChain.doFilter(ApplicationFilterChain.java:140)
	at org.apache.catalina.core.StandardWrapperValve.invoke(StandardWrapperValve.java:167)
	at org.apache.catalina.core.StandardContextValve.invoke(StandardContextValve.java:90)
	at org.apache.catalina.authenticator.AuthenticatorBase.invoke(AuthenticatorBase.java:482)
	at org.apache.catalina.core.StandardHostValve.invoke(StandardHostValve.java:115)
	at org.apache.catalina.valves.ErrorReportValve.invoke(ErrorReportValve.java:93)
	at org.apache.catalina.core.StandardEngineValve.invoke(StandardEngineValve.java:74)
	at org.apache.catalina.connector.CoyoteAdapter.service(CoyoteAdapter.java:344)
	at org.apache.coyote.http11.Http11Processor.service(Http11Processor.java:389)
	at org.apache.coyote.AbstractProcessorLight.process(AbstractProcessorLight.java:63)
	at org.apache.coyote.AbstractProtocol$ConnectionHandler.process(AbstractProtocol.java:904)
	at org.apache.tomcat.util.net.NioEndpoint$SocketProcessor.doRun(NioEndpoint.java:1741)
	at org.apache.tomcat.util.net.SocketProcessorBase.run(SocketProcessorBase.java:52)
	at org.apache.tomcat.util.threads.ThreadPoolExecutor.runWorker(ThreadPoolExecutor.java:1190)
	at org.apache.tomcat.util.threads.ThreadPoolExecutor$Worker.run(ThreadPoolExecutor.java:659)
	at org.apache.tomcat.util.threads.TaskThread$WrappingRunnable.run(TaskThread.java:63)
	at java.base/java.lang.Thread.run(Thread.java:1583)
2026-09-14 11:58:58 INFO  o.a.e.k.e.consumer.AsyncFetcher - Shutting down AsyncFetcher
2026-09-14 11:58:58 INFO  o.s.o.j.LocalContainerEntityManagerFactoryBean - Closing JPA EntityManagerFactory for persistence unit 'default'
2026-09-14 11:59:34 INFO  o.h.validator.internal.util.Version - HV000001: Hibernate Validator 8.0.1.Final
2026-09-14 11:59:34 INFO  c.h.p.PatientServiceApplication - Starting PatientServiceApplication using Java 21.0.9 with PID 14003 (/home/edwin/Documents/devops/hashimoto-platform/patient-service/target/classes started by edwin in /home/edwin/Documents/devops/hashimoto-platform/patient-service)
2026-09-14 11:59:34 INFO  c.h.p.PatientServiceApplication - The following 1 profile is active: "local"
2026-09-14 11:59:34 WARN  o.s.c.a.AnnotationTypeMapping - Support for convention-based annotation attribute overrides is deprecated and will be removed in Spring Framework 6.2. Please annotate the following attributes in @org.axonframework.spring.stereotype.Aggregate with appropriate @AliasFor declarations: [type]
2026-09-14 11:59:34 WARN  o.s.c.a.AnnotationTypeMapping - Support for convention-based annotation attribute overrides is deprecated and will be removed in Spring Framework 6.2. Please annotate the following attributes in @org.axonframework.eventsourcing.EventSourcingHandler with appropriate @AliasFor declarations: [payloadType]
2026-09-14 11:59:34 WARN  o.s.c.a.AnnotationTypeMapping - Support for convention-based annotation attribute overrides is deprecated and will be removed in Spring Framework 6.2. Please annotate the following attributes in @org.axonframework.eventsourcing.EventSourcingHandler with appropriate @AliasFor declarations: [payloadType]
2026-09-14 11:59:34 INFO  o.s.d.r.c.RepositoryConfigurationDelegate - Bootstrapping Spring Data JPA repositories in DEFAULT mode.
2026-09-14 11:59:34 INFO  o.s.d.r.c.RepositoryConfigurationDelegate - Finished Spring Data repository scanning in 6 ms. Found 0 JPA repository interfaces.
2026-09-14 11:59:34 INFO  o.s.b.w.e.tomcat.TomcatWebServer - Tomcat initialized with port 8080 (http)
2026-09-14 11:59:34 INFO  o.a.coyote.http11.Http11NioProtocol - Initializing ProtocolHandler ["http-nio-8080"]
2026-09-14 11:59:34 INFO  o.a.catalina.core.StandardService - Starting service [Tomcat]
2026-09-14 11:59:34 INFO  o.a.catalina.core.StandardEngine - Starting Servlet engine: [Apache Tomcat/10.1.25]
2026-09-14 11:59:35 INFO  o.a.c.c.C.[Tomcat].[localhost].[/] - Initializing Spring embedded WebApplicationContext
2026-09-14 11:59:35 INFO  o.s.b.w.s.c.ServletWebServerApplicationContext - Root WebApplicationContext: initialization completed in 926 ms
2026-09-14 11:59:35 INFO  o.h.jpa.internal.util.LogHelper - HHH000204: Processing PersistenceUnitInfo [name: default]
2026-09-14 11:59:35 INFO  org.hibernate.Version - HHH000412: Hibernate ORM core version 6.5.2.Final
2026-09-14 11:59:35 INFO  o.h.c.i.RegionFactoryInitiator - HHH000026: Second-level cache disabled
2026-09-14 11:59:35 INFO  o.s.o.j.p.SpringPersistenceUnitInfo - No LoadTimeWeaver setup: ignoring JPA class transformer
2026-09-14 11:59:35 INFO  com.zaxxer.hikari.HikariDataSource - HikariPool-1 - Starting...
2026-09-14 11:59:36 WARN  o.h.e.j.e.i.JdbcEnvironmentInitiator - HHH000342: Could not obtain connection to query metadata
java.lang.NullPointerException: Cannot invoke "org.hibernate.engine.jdbc.spi.SqlExceptionHelper.convert(java.sql.SQLException, String)" because the return value of "org.hibernate.resource.transaction.backend.jdbc.internal.JdbcIsolationDelegate.sqlExceptionHelper()" is null
	at org.hibernate.resource.transaction.backend.jdbc.internal.JdbcIsolationDelegate.delegateWork(JdbcIsolationDelegate.java:116)
	at org.hibernate.engine.jdbc.env.internal.JdbcEnvironmentInitiator.getJdbcEnvironmentUsingJdbcMetadata(JdbcEnvironmentInitiator.java:290)
	at org.hibernate.engine.jdbc.env.internal.JdbcEnvironmentInitiator.initiateService(JdbcEnvironmentInitiator.java:123)
	at org.hibernate.engine.jdbc.env.internal.JdbcEnvironmentInitiator.initiateService(JdbcEnvironmentInitiator.java:77)
	at org.hibernate.boot.registry.internal.StandardServiceRegistryImpl.initiateService(StandardServiceRegistryImpl.java:130)
	at org.hibernate.service.internal.AbstractServiceRegistryImpl.createService(AbstractServiceRegistryImpl.java:263)
	at org.hibernate.service.internal.AbstractServiceRegistryImpl.initializeService(AbstractServiceRegistryImpl.java:238)
	at org.hibernate.service.internal.AbstractServiceRegistryImpl.getService(AbstractServiceRegistryImpl.java:215)
	at org.hibernate.boot.model.relational.Database.<init>(Database.java:45)
	at org.hibernate.boot.internal.InFlightMetadataCollectorImpl.getDatabase(InFlightMetadataCollectorImpl.java:221)
	at org.hibernate.boot.internal.InFlightMetadataCollectorImpl.<init>(InFlightMetadataCollectorImpl.java:189)
	at org.hibernate.boot.model.process.spi.MetadataBuildingProcess.complete(MetadataBuildingProcess.java:171)
	at org.hibernate.jpa.boot.internal.EntityManagerFactoryBuilderImpl.metadata(EntityManagerFactoryBuilderImpl.java:1431)
	at org.hibernate.jpa.boot.internal.EntityManagerFactoryBuilderImpl.build(EntityManagerFactoryBuilderImpl.java:1502)
	at org.springframework.orm.jpa.vendor.SpringHibernateJpaPersistenceProvider.createContainerEntityManagerFactory(SpringHibernateJpaPersistenceProvider.java:75)
	at org.springframework.orm.jpa.LocalContainerEntityManagerFactoryBean.createNativeEntityManagerFactory(LocalContainerEntityManagerFactoryBean.java:390)
	at org.springframework.orm.jpa.AbstractEntityManagerFactoryBean.buildNativeEntityManagerFactory(AbstractEntityManagerFactoryBean.java:409)
	at org.springframework.orm.jpa.AbstractEntityManagerFactoryBean.afterPropertiesSet(AbstractEntityManagerFactoryBean.java:396)
	at org.springframework.orm.jpa.LocalContainerEntityManagerFactoryBean.afterPropertiesSet(LocalContainerEntityManagerFactoryBean.java:366)
	at org.springframework.beans.factory.support.AbstractAutowireCapableBeanFactory.invokeInitMethods(AbstractAutowireCapableBeanFactory.java:1835)
	at org.springframework.beans.factory.support.AbstractAutowireCapableBeanFactory.initializeBean(AbstractAutowireCapableBeanFactory.java:1784)
	at org.springframework.beans.factory.support.AbstractAutowireCapableBeanFactory.doCreateBean(AbstractAutowireCapableBeanFactory.java:600)
	at org.springframework.beans.factory.support.AbstractAutowireCapableBeanFactory.createBean(AbstractAutowireCapableBeanFactory.java:522)
	at org.springframework.beans.factory.support.AbstractBeanFactory.lambda$doGetBean$0(AbstractBeanFactory.java:337)
	at org.springframework.beans.factory.support.DefaultSingletonBeanRegistry.getSingleton(DefaultSingletonBeanRegistry.java:234)
	at org.springframework.beans.factory.support.AbstractBeanFactory.doGetBean(AbstractBeanFactory.java:335)
	at org.springframework.beans.factory.support.AbstractBeanFactory.getBean(AbstractBeanFactory.java:205)
	at org.springframework.context.support.AbstractApplicationContext.finishBeanFactoryInitialization(AbstractApplicationContext.java:952)
	at org.springframework.context.support.AbstractApplicationContext.refresh(AbstractApplicationContext.java:624)
	at org.springframework.boot.web.servlet.context.ServletWebServerApplicationContext.refresh(ServletWebServerApplicationContext.java:146)
	at org.springframework.boot.SpringApplication.refresh(SpringApplication.java:754)
	at org.springframework.boot.SpringApplication.refreshContext(SpringApplication.java:456)
	at org.springframework.boot.SpringApplication.run(SpringApplication.java:335)
	at org.springframework.boot.builder.SpringApplicationBuilder.run(SpringApplicationBuilder.java:149)
	at com.hashimoto.patient_service.PatientServiceApplication.main(PatientServiceApplication.java:14)
2026-09-14 11:59:36 WARN  org.hibernate.orm.deprecation - HHH90000025: PostgreSQLDialect does not need to be specified explicitly using 'hibernate.dialect' (remove the property setting and it will be selected by default)
2026-09-14 11:59:36 INFO  o.h.e.t.j.p.i.JtaPlatformInitiator - HHH000489: No JTA platform available (set 'hibernate.transaction.jta.platform' to enable JTA platform integration)
2026-09-14 11:59:36 INFO  o.s.o.j.LocalContainerEntityManagerFactoryBean - Initialized JPA EntityManagerFactory for persistence unit 'default'
2026-09-14 11:59:36 INFO  o.a.s.a.XStreamAutoConfiguration - Initializing an XStream instance since none was found. The auto configuration base packages will be used as wildcards for the XStream security settings.
2026-09-14 11:59:36 INFO  o.a.s.u.XStreamSecurityTypeUtility - Constructing wildcard type for base package [com.hashimoto.patient_service].
2026-09-14 11:59:36 INFO  o.a.serialization.ChainingConverter - ContentTypeConverter of type [class org.axonframework.serialization.xml.Dom4JToByteArrayConverter] is ignored. It seems to rely on a class that is not available in the class loader: org/dom4j/Document
2026-09-14 11:59:36 INFO  o.a.serialization.ChainingConverter - ContentTypeConverter of type [class org.axonframework.serialization.xml.InputStreamToDom4jConverter] is ignored. It seems to rely on a class that is not available in the class loader: org/dom4j/Document
2026-09-14 11:59:36 INFO  o.a.serialization.ChainingConverter - ContentTypeConverter of type [class org.axonframework.serialization.xml.XomToStringConverter] is ignored. It seems to rely on a class that is not available in the class loader: nu/xom/Document
2026-09-14 11:59:36 INFO  o.a.serialization.ChainingConverter - ContentTypeConverter of type [class org.axonframework.serialization.xml.InputStreamToXomConverter] is ignored. It seems to rely on a class that is not available in the class loader: nu/xom/ParsingException
2026-09-14 11:59:36 INFO  o.a.config.AxonIQConsoleModule - 
################################################################################################
## You have not configured AxonIQ Console. AxonIQ Console provides out-of-the box monitoring  ##
## and management capabilities for your Axon Application, starting with it is free.           ##
## Visit https://console.axoniq.io for more information!                                      ##
## Suppress this message by setting system property disable-axoniq-console-message to true.   ##
################################################################################################

2026-09-14 11:59:36 WARN  o.s.b.a.o.j.JpaBaseConfiguration$JpaWebConfiguration - spring.jpa.open-in-view is enabled by default. Therefore, database queries may be performed during view rendering. Explicitly configure spring.jpa.open-in-view to disable this warning
2026-09-14 11:59:37 INFO  o.s.b.a.e.web.EndpointLinksResolver - Exposing 1 endpoint beneath base path '/actuator'
2026-09-14 11:59:37 INFO  o.a.coyote.http11.Http11NioProtocol - Starting ProtocolHandler ["http-nio-8080"]
2026-09-14 11:59:37 INFO  o.s.b.w.e.tomcat.TomcatWebServer - Tomcat started on port 8080 (http) with context path '/'
2026-09-14 11:59:37 INFO  c.h.p.PatientServiceApplication - Started PatientServiceApplication in 3.456 seconds (process running for 3.6)
2026-09-14 11:59:55 INFO  o.a.c.c.C.[Tomcat].[localhost].[/] - Initializing Spring DispatcherServlet 'dispatcherServlet'
2026-09-14 11:59:55 INFO  o.s.web.servlet.DispatcherServlet - Initializing Servlet 'dispatcherServlet'
2026-09-14 11:59:55 INFO  o.s.web.servlet.DispatcherServlet - Completed initialization in 1 ms
2026-09-14 11:59:55 INFO  com.zaxxer.hikari.HikariDataSource - HikariPool-1 - Starting...
2026-09-14 11:59:56 WARN  o.h.e.jdbc.spi.SqlExceptionHelper - SQL Error: 0, SQLState: 28P01
2026-09-14 11:59:56 ERROR o.h.e.jdbc.spi.SqlExceptionHelper - FATAL: password authentication failed for user "postgres"
2026-09-14 11:59:56 ERROR o.a.c.c.C.[.[.[.[dispatcherServlet] - Servlet.service() for servlet [dispatcherServlet] in context with path [] threw exception [Request processing failed: org.springframework.transaction.CannotCreateTransactionException: Could not open JPA EntityManager for transaction] with root cause
org.postgresql.util.PSQLException: FATAL: password authentication failed for user "postgres"
	at org.postgresql.core.v3.ConnectionFactoryImpl.doAuthentication(ConnectionFactoryImpl.java:698)
	at org.postgresql.core.v3.ConnectionFactoryImpl.tryConnect(ConnectionFactoryImpl.java:207)
	at org.postgresql.core.v3.ConnectionFactoryImpl.openConnectionImpl(ConnectionFactoryImpl.java:262)
	at org.postgresql.core.ConnectionFactory.openConnection(ConnectionFactory.java:54)
	at org.postgresql.jdbc.PgConnection.<init>(PgConnection.java:273)
	at org.postgresql.Driver.makeConnection(Driver.java:446)
	at org.postgresql.Driver.connect(Driver.java:298)
	at com.zaxxer.hikari.util.DriverDataSource.getConnection(DriverDataSource.java:137)
	at com.zaxxer.hikari.pool.PoolBase.newConnection(PoolBase.java:360)
	at com.zaxxer.hikari.pool.PoolBase.newPoolEntry(PoolBase.java:202)
	at com.zaxxer.hikari.pool.HikariPool.createPoolEntry(HikariPool.java:461)
	at com.zaxxer.hikari.pool.HikariPool.checkFailFast(HikariPool.java:550)
	at com.zaxxer.hikari.pool.HikariPool.<init>(HikariPool.java:98)
	at com.zaxxer.hikari.HikariDataSource.getConnection(HikariDataSource.java:111)
	at org.hibernate.engine.jdbc.connections.internal.DatasourceConnectionProviderImpl.getConnection(DatasourceConnectionProviderImpl.java:122)
	at org.hibernate.internal.NonContextualJdbcConnectionAccess.obtainConnection(NonContextualJdbcConnectionAccess.java:46)
	at org.hibernate.resource.jdbc.internal.LogicalConnectionManagedImpl.acquireConnectionIfNeeded(LogicalConnectionManagedImpl.java:113)
	at org.hibernate.resource.jdbc.internal.LogicalConnectionManagedImpl.getPhysicalConnection(LogicalConnectionManagedImpl.java:143)
	at org.hibernate.resource.jdbc.internal.LogicalConnectionManagedImpl.getConnectionForTransactionManagement(LogicalConnectionManagedImpl.java:273)
	at org.hibernate.resource.jdbc.internal.LogicalConnectionManagedImpl.begin(LogicalConnectionManagedImpl.java:281)
	at org.hibernate.resource.transaction.backend.jdbc.internal.JdbcResourceLocalTransactionCoordinatorImpl$TransactionDriverControlImpl.begin(JdbcResourceLocalTransactionCoordinatorImpl.java:232)
	at org.hibernate.engine.transaction.internal.TransactionImpl.begin(TransactionImpl.java:83)
	at org.springframework.orm.jpa.vendor.HibernateJpaDialect.beginTransaction(HibernateJpaDialect.java:176)
	at org.springframework.orm.jpa.JpaTransactionManager.doBegin(JpaTransactionManager.java:420)
	at org.springframework.transaction.support.AbstractPlatformTransactionManager.startTransaction(AbstractPlatformTransactionManager.java:532)
	at org.springframework.transaction.support.AbstractPlatformTransactionManager.getTransaction(AbstractPlatformTransactionManager.java:405)
	at org.axonframework.spring.messaging.unitofwork.SpringTransactionManager.startTransaction(SpringTransactionManager.java:65)
	at org.axonframework.messaging.unitofwork.UnitOfWork.attachTransaction(UnitOfWork.java:273)
	at org.axonframework.commandhandling.SimpleCommandBus.lambda$handle$2(SimpleCommandBus.java:197)
	at org.axonframework.tracing.Span.runSupplier(Span.java:163)
	at org.axonframework.commandhandling.SimpleCommandBus.handle(SimpleCommandBus.java:191)
	at org.axonframework.commandhandling.SimpleCommandBus.doDispatch(SimpleCommandBus.java:165)
	at org.axonframework.commandhandling.SimpleCommandBus.lambda$dispatch$1(SimpleCommandBus.java:131)
	at org.axonframework.tracing.Span.run(Span.java:101)
	at org.axonframework.commandhandling.SimpleCommandBus.dispatch(SimpleCommandBus.java:125)
	at org.axonframework.commandhandling.gateway.AbstractCommandGateway.send(AbstractCommandGateway.java:76)
	at org.axonframework.commandhandling.gateway.DefaultCommandGateway.send(DefaultCommandGateway.java:83)
	at org.axonframework.commandhandling.gateway.DefaultCommandGateway.send(DefaultCommandGateway.java:138)
	at com.hashimoto.patient_service.api.PatientControllerAPI.createPatient(PatientControllerAPI.java:37)
	at java.base/jdk.internal.reflect.DirectMethodHandleAccessor.invoke(DirectMethodHandleAccessor.java:103)
	at java.base/java.lang.reflect.Method.invoke(Method.java:580)
	at org.springframework.web.method.support.InvocableHandlerMethod.doInvoke(InvocableHandlerMethod.java:255)
	at org.springframework.web.method.support.InvocableHandlerMethod.invokeForRequest(InvocableHandlerMethod.java:188)
	at org.springframework.web.servlet.mvc.method.annotation.ServletInvocableHandlerMethod.invokeAndHandle(ServletInvocableHandlerMethod.java:118)
	at org.springframework.web.servlet.mvc.method.annotation.RequestMappingHandlerAdapter.invokeHandlerMethod(RequestMappingHandlerAdapter.java:926)
	at org.springframework.web.servlet.mvc.method.annotation.RequestMappingHandlerAdapter.handleInternal(RequestMappingHandlerAdapter.java:831)
	at org.springframework.web.servlet.mvc.method.AbstractHandlerMethodAdapter.handle(AbstractHandlerMethodAdapter.java:87)
	at org.springframework.web.servlet.DispatcherServlet.doDispatch(DispatcherServlet.java:1089)
	at org.springframework.web.servlet.DispatcherServlet.doService(DispatcherServlet.java:979)
	at org.springframework.web.servlet.FrameworkServlet.processRequest(FrameworkServlet.java:1014)
	at org.springframework.web.servlet.FrameworkServlet.doPost(FrameworkServlet.java:914)
	at jakarta.servlet.http.HttpServlet.service(HttpServlet.java:590)
	at org.springframework.web.servlet.FrameworkServlet.service(FrameworkServlet.java:885)
	at jakarta.servlet.http.HttpServlet.service(HttpServlet.java:658)
	at org.apache.catalina.core.ApplicationFilterChain.internalDoFilter(ApplicationFilterChain.java:195)
	at org.apache.catalina.core.ApplicationFilterChain.doFilter(ApplicationFilterChain.java:140)
	at org.apache.tomcat.websocket.server.WsFilter.doFilter(WsFilter.java:51)
	at org.apache.catalina.core.ApplicationFilterChain.internalDoFilter(ApplicationFilterChain.java:164)
	at org.apache.catalina.core.ApplicationFilterChain.doFilter(ApplicationFilterChain.java:140)
	at org.springframework.web.filter.RequestContextFilter.doFilterInternal(RequestContextFilter.java:100)
	at org.springframework.web.filter.OncePerRequestFilter.doFilter(OncePerRequestFilter.java:116)
	at org.apache.catalina.core.ApplicationFilterChain.internalDoFilter(ApplicationFilterChain.java:164)
	at org.apache.catalina.core.ApplicationFilterChain.doFilter(ApplicationFilterChain.java:140)
	at org.springframework.web.filter.FormContentFilter.doFilterInternal(FormContentFilter.java:93)
	at org.springframework.web.filter.OncePerRequestFilter.doFilter(OncePerRequestFilter.java:116)
	at org.apache.catalina.core.ApplicationFilterChain.internalDoFilter(ApplicationFilterChain.java:164)
	at org.apache.catalina.core.ApplicationFilterChain.doFilter(ApplicationFilterChain.java:140)
	at org.springframework.web.filter.ServerHttpObservationFilter.doFilterInternal(ServerHttpObservationFilter.java:107)
	at org.springframework.web.filter.OncePerRequestFilter.doFilter(OncePerRequestFilter.java:116)
	at org.apache.catalina.core.ApplicationFilterChain.internalDoFilter(ApplicationFilterChain.java:164)
	at org.apache.catalina.core.ApplicationFilterChain.doFilter(ApplicationFilterChain.java:140)
	at org.springframework.web.filter.CharacterEncodingFilter.doFilterInternal(CharacterEncodingFilter.java:201)
	at org.springframework.web.filter.OncePerRequestFilter.doFilter(OncePerRequestFilter.java:116)
	at org.apache.catalina.core.ApplicationFilterChain.internalDoFilter(ApplicationFilterChain.java:164)
	at org.apache.catalina.core.ApplicationFilterChain.doFilter(ApplicationFilterChain.java:140)
	at org.apache.catalina.core.StandardWrapperValve.invoke(StandardWrapperValve.java:167)
	at org.apache.catalina.core.StandardContextValve.invoke(StandardContextValve.java:90)
	at org.apache.catalina.authenticator.AuthenticatorBase.invoke(AuthenticatorBase.java:482)
	at org.apache.catalina.core.StandardHostValve.invoke(StandardHostValve.java:115)
	at org.apache.catalina.valves.ErrorReportValve.invoke(ErrorReportValve.java:93)
	at org.apache.catalina.core.StandardEngineValve.invoke(StandardEngineValve.java:74)
	at org.apache.catalina.connector.CoyoteAdapter.service(CoyoteAdapter.java:344)
	at org.apache.coyote.http11.Http11Processor.service(Http11Processor.java:389)
	at org.apache.coyote.AbstractProcessorLight.process(AbstractProcessorLight.java:63)
	at org.apache.coyote.AbstractProtocol$ConnectionHandler.process(AbstractProtocol.java:904)
	at org.apache.tomcat.util.net.NioEndpoint$SocketProcessor.doRun(NioEndpoint.java:1741)
	at org.apache.tomcat.util.net.SocketProcessorBase.run(SocketProcessorBase.java:52)
	at org.apache.tomcat.util.threads.ThreadPoolExecutor.runWorker(ThreadPoolExecutor.java:1190)
	at org.apache.tomcat.util.threads.ThreadPoolExecutor$Worker.run(ThreadPoolExecutor.java:659)
	at org.apache.tomcat.util.threads.TaskThread$WrappingRunnable.run(TaskThread.java:63)
	at java.base/java.lang.Thread.run(Thread.java:1583)
2026-09-14 12:02:14 INFO  o.a.e.k.e.consumer.AsyncFetcher - Shutting down AsyncFetcher
2026-09-14 12:02:14 INFO  o.s.o.j.LocalContainerEntityManagerFactoryBean - Closing JPA EntityManagerFactory for persistence unit 'default'
2026-09-14 12:08:28 INFO  o.h.validator.internal.util.Version - HV000001: Hibernate Validator 8.0.1.Final
2026-09-14 12:08:28 INFO  c.h.p.PatientServiceApplication - Starting PatientServiceApplication using Java 21.0.9 with PID 18891 (/home/edwin/Documents/devops/hashimoto-platform/patient-service/target/classes started by edwin in /home/edwin/Documents/devops/hashimoto-platform/patient-service)
2026-09-14 12:08:28 INFO  c.h.p.PatientServiceApplication - The following 1 profile is active: "local"
2026-09-14 12:08:28 WARN  o.s.c.a.AnnotationTypeMapping - Support for convention-based annotation attribute overrides is deprecated and will be removed in Spring Framework 6.2. Please annotate the following attributes in @org.axonframework.spring.stereotype.Aggregate with appropriate @AliasFor declarations: [type]
2026-09-14 12:08:28 WARN  o.s.c.a.AnnotationTypeMapping - Support for convention-based annotation attribute overrides is deprecated and will be removed in Spring Framework 6.2. Please annotate the following attributes in @org.axonframework.eventsourcing.EventSourcingHandler with appropriate @AliasFor declarations: [payloadType]
2026-09-14 12:08:28 WARN  o.s.c.a.AnnotationTypeMapping - Support for convention-based annotation attribute overrides is deprecated and will be removed in Spring Framework 6.2. Please annotate the following attributes in @org.axonframework.eventsourcing.EventSourcingHandler with appropriate @AliasFor declarations: [payloadType]
2026-09-14 12:08:28 INFO  o.s.d.r.c.RepositoryConfigurationDelegate - Bootstrapping Spring Data JPA repositories in DEFAULT mode.
2026-09-14 12:08:28 INFO  o.s.d.r.c.RepositoryConfigurationDelegate - Finished Spring Data repository scanning in 6 ms. Found 0 JPA repository interfaces.
2026-09-14 12:08:29 INFO  o.s.b.w.e.tomcat.TomcatWebServer - Tomcat initialized with port 8080 (http)
2026-09-14 12:08:29 INFO  o.a.coyote.http11.Http11NioProtocol - Initializing ProtocolHandler ["http-nio-8080"]
2026-09-14 12:08:29 INFO  o.a.catalina.core.StandardService - Starting service [Tomcat]
2026-09-14 12:08:29 INFO  o.a.catalina.core.StandardEngine - Starting Servlet engine: [Apache Tomcat/10.1.25]
2026-09-14 12:08:29 INFO  o.a.c.c.C.[Tomcat].[localhost].[/] - Initializing Spring embedded WebApplicationContext
2026-09-14 12:08:29 INFO  o.s.b.w.s.c.ServletWebServerApplicationContext - Root WebApplicationContext: initialization completed in 884 ms
2026-09-14 12:08:29 INFO  o.h.jpa.internal.util.LogHelper - HHH000204: Processing PersistenceUnitInfo [name: default]
2026-09-14 12:08:29 INFO  org.hibernate.Version - HHH000412: Hibernate ORM core version 6.5.2.Final
2026-09-14 12:08:29 INFO  o.h.c.i.RegionFactoryInitiator - HHH000026: Second-level cache disabled
2026-09-14 12:08:29 INFO  o.s.o.j.p.SpringPersistenceUnitInfo - No LoadTimeWeaver setup: ignoring JPA class transformer
2026-09-14 12:08:29 INFO  com.zaxxer.hikari.HikariDataSource - HikariPool-1 - Starting...
2026-09-14 12:08:30 WARN  o.h.e.j.e.i.JdbcEnvironmentInitiator - HHH000342: Could not obtain connection to query metadata
java.lang.NullPointerException: Cannot invoke "org.hibernate.engine.jdbc.spi.SqlExceptionHelper.convert(java.sql.SQLException, String)" because the return value of "org.hibernate.resource.transaction.backend.jdbc.internal.JdbcIsolationDelegate.sqlExceptionHelper()" is null
	at org.hibernate.resource.transaction.backend.jdbc.internal.JdbcIsolationDelegate.delegateWork(JdbcIsolationDelegate.java:116)
	at org.hibernate.engine.jdbc.env.internal.JdbcEnvironmentInitiator.getJdbcEnvironmentUsingJdbcMetadata(JdbcEnvironmentInitiator.java:290)
	at org.hibernate.engine.jdbc.env.internal.JdbcEnvironmentInitiator.initiateService(JdbcEnvironmentInitiator.java:123)
	at org.hibernate.engine.jdbc.env.internal.JdbcEnvironmentInitiator.initiateService(JdbcEnvironmentInitiator.java:77)
	at org.hibernate.boot.registry.internal.StandardServiceRegistryImpl.initiateService(StandardServiceRegistryImpl.java:130)
	at org.hibernate.service.internal.AbstractServiceRegistryImpl.createService(AbstractServiceRegistryImpl.java:263)
	at org.hibernate.service.internal.AbstractServiceRegistryImpl.initializeService(AbstractServiceRegistryImpl.java:238)
	at org.hibernate.service.internal.AbstractServiceRegistryImpl.getService(AbstractServiceRegistryImpl.java:215)
	at org.hibernate.boot.model.relational.Database.<init>(Database.java:45)
	at org.hibernate.boot.internal.InFlightMetadataCollectorImpl.getDatabase(InFlightMetadataCollectorImpl.java:221)
	at org.hibernate.boot.internal.InFlightMetadataCollectorImpl.<init>(InFlightMetadataCollectorImpl.java:189)
	at org.hibernate.boot.model.process.spi.MetadataBuildingProcess.complete(MetadataBuildingProcess.java:171)
	at org.hibernate.jpa.boot.internal.EntityManagerFactoryBuilderImpl.metadata(EntityManagerFactoryBuilderImpl.java:1431)
	at org.hibernate.jpa.boot.internal.EntityManagerFactoryBuilderImpl.build(EntityManagerFactoryBuilderImpl.java:1502)
	at org.springframework.orm.jpa.vendor.SpringHibernateJpaPersistenceProvider.createContainerEntityManagerFactory(SpringHibernateJpaPersistenceProvider.java:75)
	at org.springframework.orm.jpa.LocalContainerEntityManagerFactoryBean.createNativeEntityManagerFactory(LocalContainerEntityManagerFactoryBean.java:390)
	at org.springframework.orm.jpa.AbstractEntityManagerFactoryBean.buildNativeEntityManagerFactory(AbstractEntityManagerFactoryBean.java:409)
	at org.springframework.orm.jpa.AbstractEntityManagerFactoryBean.afterPropertiesSet(AbstractEntityManagerFactoryBean.java:396)
	at org.springframework.orm.jpa.LocalContainerEntityManagerFactoryBean.afterPropertiesSet(LocalContainerEntityManagerFactoryBean.java:366)
	at org.springframework.beans.factory.support.AbstractAutowireCapableBeanFactory.invokeInitMethods(AbstractAutowireCapableBeanFactory.java:1835)
	at org.springframework.beans.factory.support.AbstractAutowireCapableBeanFactory.initializeBean(AbstractAutowireCapableBeanFactory.java:1784)
	at org.springframework.beans.factory.support.AbstractAutowireCapableBeanFactory.doCreateBean(AbstractAutowireCapableBeanFactory.java:600)
	at org.springframework.beans.factory.support.AbstractAutowireCapableBeanFactory.createBean(AbstractAutowireCapableBeanFactory.java:522)
	at org.springframework.beans.factory.support.AbstractBeanFactory.lambda$doGetBean$0(AbstractBeanFactory.java:337)
	at org.springframework.beans.factory.support.DefaultSingletonBeanRegistry.getSingleton(DefaultSingletonBeanRegistry.java:234)
	at org.springframework.beans.factory.support.AbstractBeanFactory.doGetBean(AbstractBeanFactory.java:335)
	at org.springframework.beans.factory.support.AbstractBeanFactory.getBean(AbstractBeanFactory.java:205)
	at org.springframework.context.support.AbstractApplicationContext.finishBeanFactoryInitialization(AbstractApplicationContext.java:952)
	at org.springframework.context.support.AbstractApplicationContext.refresh(AbstractApplicationContext.java:624)
	at org.springframework.boot.web.servlet.context.ServletWebServerApplicationContext.refresh(ServletWebServerApplicationContext.java:146)
	at org.springframework.boot.SpringApplication.refresh(SpringApplication.java:754)
	at org.springframework.boot.SpringApplication.refreshContext(SpringApplication.java:456)
	at org.springframework.boot.SpringApplication.run(SpringApplication.java:335)
	at org.springframework.boot.builder.SpringApplicationBuilder.run(SpringApplicationBuilder.java:149)
	at com.hashimoto.patient_service.PatientServiceApplication.main(PatientServiceApplication.java:14)
2026-09-14 12:08:30 WARN  org.hibernate.orm.deprecation - HHH90000025: PostgreSQLDialect does not need to be specified explicitly using 'hibernate.dialect' (remove the property setting and it will be selected by default)
2026-09-14 12:08:30 INFO  o.h.e.t.j.p.i.JtaPlatformInitiator - HHH000489: No JTA platform available (set 'hibernate.transaction.jta.platform' to enable JTA platform integration)
2026-09-14 12:08:30 INFO  o.s.o.j.LocalContainerEntityManagerFactoryBean - Initialized JPA EntityManagerFactory for persistence unit 'default'
2026-09-14 12:08:30 INFO  o.a.s.a.XStreamAutoConfiguration - Initializing an XStream instance since none was found. The auto configuration base packages will be used as wildcards for the XStream security settings.
2026-09-14 12:08:30 INFO  o.a.s.u.XStreamSecurityTypeUtility - Constructing wildcard type for base package [com.hashimoto.patient_service].
2026-09-14 12:08:30 INFO  o.a.serialization.ChainingConverter - ContentTypeConverter of type [class org.axonframework.serialization.xml.Dom4JToByteArrayConverter] is ignored. It seems to rely on a class that is not available in the class loader: org/dom4j/Document
2026-09-14 12:08:30 INFO  o.a.serialization.ChainingConverter - ContentTypeConverter of type [class org.axonframework.serialization.xml.InputStreamToDom4jConverter] is ignored. It seems to rely on a class that is not available in the class loader: org/dom4j/Document
2026-09-14 12:08:30 INFO  o.a.serialization.ChainingConverter - ContentTypeConverter of type [class org.axonframework.serialization.xml.XomToStringConverter] is ignored. It seems to rely on a class that is not available in the class loader: nu/xom/Document
2026-09-14 12:08:30 INFO  o.a.serialization.ChainingConverter - ContentTypeConverter of type [class org.axonframework.serialization.xml.InputStreamToXomConverter] is ignored. It seems to rely on a class that is not available in the class loader: nu/xom/ParsingException
2026-09-14 12:08:30 INFO  o.a.config.AxonIQConsoleModule - 
################################################################################################
## You have not configured AxonIQ Console. AxonIQ Console provides out-of-the box monitoring  ##
## and management capabilities for your Axon Application, starting with it is free.           ##
## Visit https://console.axoniq.io for more information!                                      ##
## Suppress this message by setting system property disable-axoniq-console-message to true.   ##
################################################################################################

2026-09-14 12:08:30 WARN  o.s.b.a.o.j.JpaBaseConfiguration$JpaWebConfiguration - spring.jpa.open-in-view is enabled by default. Therefore, database queries may be performed during view rendering. Explicitly configure spring.jpa.open-in-view to disable this warning
2026-09-14 12:08:31 INFO  o.s.b.a.e.web.EndpointLinksResolver - Exposing 1 endpoint beneath base path '/actuator'
2026-09-14 12:08:31 INFO  o.a.coyote.http11.Http11NioProtocol - Starting ProtocolHandler ["http-nio-8080"]
2026-09-14 12:08:31 INFO  o.s.b.w.e.tomcat.TomcatWebServer - Tomcat started on port 8080 (http) with context path '/'
2026-09-14 12:08:31 INFO  c.h.p.PatientServiceApplication - Started PatientServiceApplication in 3.484 seconds (process running for 3.628)
2026-09-14 12:08:42 INFO  o.a.c.c.C.[Tomcat].[localhost].[/] - Initializing Spring DispatcherServlet 'dispatcherServlet'
2026-09-14 12:08:42 INFO  o.s.web.servlet.DispatcherServlet - Initializing Servlet 'dispatcherServlet'
2026-09-14 12:08:42 INFO  o.s.web.servlet.DispatcherServlet - Completed initialization in 3 ms
2026-09-14 12:08:42 INFO  com.zaxxer.hikari.HikariDataSource - HikariPool-1 - Starting...
2026-09-14 12:08:43 WARN  o.h.e.jdbc.spi.SqlExceptionHelper - SQL Error: 0, SQLState: 28P01
2026-09-14 12:08:43 ERROR o.h.e.jdbc.spi.SqlExceptionHelper - FATAL: password authentication failed for user "postgres"
2026-09-14 12:08:43 ERROR o.a.c.c.C.[.[.[.[dispatcherServlet] - Servlet.service() for servlet [dispatcherServlet] in context with path [] threw exception [Request processing failed: org.springframework.transaction.CannotCreateTransactionException: Could not open JPA EntityManager for transaction] with root cause
org.postgresql.util.PSQLException: FATAL: password authentication failed for user "postgres"
	at org.postgresql.core.v3.ConnectionFactoryImpl.doAuthentication(ConnectionFactoryImpl.java:698)
	at org.postgresql.core.v3.ConnectionFactoryImpl.tryConnect(ConnectionFactoryImpl.java:207)
	at org.postgresql.core.v3.ConnectionFactoryImpl.openConnectionImpl(ConnectionFactoryImpl.java:262)
	at org.postgresql.core.ConnectionFactory.openConnection(ConnectionFactory.java:54)
	at org.postgresql.jdbc.PgConnection.<init>(PgConnection.java:273)
	at org.postgresql.Driver.makeConnection(Driver.java:446)
	at org.postgresql.Driver.connect(Driver.java:298)
	at com.zaxxer.hikari.util.DriverDataSource.getConnection(DriverDataSource.java:137)
	at com.zaxxer.hikari.pool.PoolBase.newConnection(PoolBase.java:360)
	at com.zaxxer.hikari.pool.PoolBase.newPoolEntry(PoolBase.java:202)
	at com.zaxxer.hikari.pool.HikariPool.createPoolEntry(HikariPool.java:461)
	at com.zaxxer.hikari.pool.HikariPool.checkFailFast(HikariPool.java:550)
	at com.zaxxer.hikari.pool.HikariPool.<init>(HikariPool.java:98)
	at com.zaxxer.hikari.HikariDataSource.getConnection(HikariDataSource.java:111)
	at org.hibernate.engine.jdbc.connections.internal.DatasourceConnectionProviderImpl.getConnection(DatasourceConnectionProviderImpl.java:122)
	at org.hibernate.internal.NonContextualJdbcConnectionAccess.obtainConnection(NonContextualJdbcConnectionAccess.java:46)
	at org.hibernate.resource.jdbc.internal.LogicalConnectionManagedImpl.acquireConnectionIfNeeded(LogicalConnectionManagedImpl.java:113)
	at org.hibernate.resource.jdbc.internal.LogicalConnectionManagedImpl.getPhysicalConnection(LogicalConnectionManagedImpl.java:143)
	at org.hibernate.resource.jdbc.internal.LogicalConnectionManagedImpl.getConnectionForTransactionManagement(LogicalConnectionManagedImpl.java:273)
	at org.hibernate.resource.jdbc.internal.LogicalConnectionManagedImpl.begin(LogicalConnectionManagedImpl.java:281)
	at org.hibernate.resource.transaction.backend.jdbc.internal.JdbcResourceLocalTransactionCoordinatorImpl$TransactionDriverControlImpl.begin(JdbcResourceLocalTransactionCoordinatorImpl.java:232)
	at org.hibernate.engine.transaction.internal.TransactionImpl.begin(TransactionImpl.java:83)
	at org.springframework.orm.jpa.vendor.HibernateJpaDialect.beginTransaction(HibernateJpaDialect.java:176)
	at org.springframework.orm.jpa.JpaTransactionManager.doBegin(JpaTransactionManager.java:420)
	at org.springframework.transaction.support.AbstractPlatformTransactionManager.startTransaction(AbstractPlatformTransactionManager.java:532)
	at org.springframework.transaction.support.AbstractPlatformTransactionManager.getTransaction(AbstractPlatformTransactionManager.java:405)
	at org.axonframework.spring.messaging.unitofwork.SpringTransactionManager.startTransaction(SpringTransactionManager.java:65)
	at org.axonframework.messaging.unitofwork.UnitOfWork.attachTransaction(UnitOfWork.java:273)
	at org.axonframework.commandhandling.SimpleCommandBus.lambda$handle$2(SimpleCommandBus.java:197)
	at org.axonframework.tracing.Span.runSupplier(Span.java:163)
	at org.axonframework.commandhandling.SimpleCommandBus.handle(SimpleCommandBus.java:191)
	at org.axonframework.commandhandling.SimpleCommandBus.doDispatch(SimpleCommandBus.java:165)
	at org.axonframework.commandhandling.SimpleCommandBus.lambda$dispatch$1(SimpleCommandBus.java:131)
	at org.axonframework.tracing.Span.run(Span.java:101)
	at org.axonframework.commandhandling.SimpleCommandBus.dispatch(SimpleCommandBus.java:125)
	at org.axonframework.commandhandling.gateway.AbstractCommandGateway.send(AbstractCommandGateway.java:76)
	at org.axonframework.commandhandling.gateway.DefaultCommandGateway.send(DefaultCommandGateway.java:83)
	at org.axonframework.commandhandling.gateway.DefaultCommandGateway.send(DefaultCommandGateway.java:138)
	at com.hashimoto.patient_service.api.PatientControllerAPI.createPatient(PatientControllerAPI.java:37)
	at java.base/jdk.internal.reflect.DirectMethodHandleAccessor.invoke(DirectMethodHandleAccessor.java:103)
	at java.base/java.lang.reflect.Method.invoke(Method.java:580)
	at org.springframework.web.method.support.InvocableHandlerMethod.doInvoke(InvocableHandlerMethod.java:255)
	at org.springframework.web.method.support.InvocableHandlerMethod.invokeForRequest(InvocableHandlerMethod.java:188)
	at org.springframework.web.servlet.mvc.method.annotation.ServletInvocableHandlerMethod.invokeAndHandle(ServletInvocableHandlerMethod.java:118)
	at org.springframework.web.servlet.mvc.method.annotation.RequestMappingHandlerAdapter.invokeHandlerMethod(RequestMappingHandlerAdapter.java:926)
	at org.springframework.web.servlet.mvc.method.annotation.RequestMappingHandlerAdapter.handleInternal(RequestMappingHandlerAdapter.java:831)
	at org.springframework.web.servlet.mvc.method.AbstractHandlerMethodAdapter.handle(AbstractHandlerMethodAdapter.java:87)
	at org.springframework.web.servlet.DispatcherServlet.doDispatch(DispatcherServlet.java:1089)
	at org.springframework.web.servlet.DispatcherServlet.doService(DispatcherServlet.java:979)
	at org.springframework.web.servlet.FrameworkServlet.processRequest(FrameworkServlet.java:1014)
	at org.springframework.web.servlet.FrameworkServlet.doPost(FrameworkServlet.java:914)
	at jakarta.servlet.http.HttpServlet.service(HttpServlet.java:590)
	at org.springframework.web.servlet.FrameworkServlet.service(FrameworkServlet.java:885)
	at jakarta.servlet.http.HttpServlet.service(HttpServlet.java:658)
	at org.apache.catalina.core.ApplicationFilterChain.internalDoFilter(ApplicationFilterChain.java:195)
	at org.apache.catalina.core.ApplicationFilterChain.doFilter(ApplicationFilterChain.java:140)
	at org.apache.tomcat.websocket.server.WsFilter.doFilter(WsFilter.java:51)
	at org.apache.catalina.core.ApplicationFilterChain.internalDoFilter(ApplicationFilterChain.java:164)
	at org.apache.catalina.core.ApplicationFilterChain.doFilter(ApplicationFilterChain.java:140)
	at org.springframework.web.filter.RequestContextFilter.doFilterInternal(RequestContextFilter.java:100)
	at org.springframework.web.filter.OncePerRequestFilter.doFilter(OncePerRequestFilter.java:116)
	at org.apache.catalina.core.ApplicationFilterChain.internalDoFilter(ApplicationFilterChain.java:164)
	at org.apache.catalina.core.ApplicationFilterChain.doFilter(ApplicationFilterChain.java:140)
	at org.springframework.web.filter.FormContentFilter.doFilterInternal(FormContentFilter.java:93)
	at org.springframework.web.filter.OncePerRequestFilter.doFilter(OncePerRequestFilter.java:116)
	at org.apache.catalina.core.ApplicationFilterChain.internalDoFilter(ApplicationFilterChain.java:164)
	at org.apache.catalina.core.ApplicationFilterChain.doFilter(ApplicationFilterChain.java:140)
	at org.springframework.web.filter.ServerHttpObservationFilter.doFilterInternal(ServerHttpObservationFilter.java:107)
	at org.springframework.web.filter.OncePerRequestFilter.doFilter(OncePerRequestFilter.java:116)
	at org.apache.catalina.core.ApplicationFilterChain.internalDoFilter(ApplicationFilterChain.java:164)
	at org.apache.catalina.core.ApplicationFilterChain.doFilter(ApplicationFilterChain.java:140)
	at org.springframework.web.filter.CharacterEncodingFilter.doFilterInternal(CharacterEncodingFilter.java:201)
	at org.springframework.web.filter.OncePerRequestFilter.doFilter(OncePerRequestFilter.java:116)
	at org.apache.catalina.core.ApplicationFilterChain.internalDoFilter(ApplicationFilterChain.java:164)
	at org.apache.catalina.core.ApplicationFilterChain.doFilter(ApplicationFilterChain.java:140)
	at org.apache.catalina.core.StandardWrapperValve.invoke(StandardWrapperValve.java:167)
	at org.apache.catalina.core.StandardContextValve.invoke(StandardContextValve.java:90)
	at org.apache.catalina.authenticator.AuthenticatorBase.invoke(AuthenticatorBase.java:482)
	at org.apache.catalina.core.StandardHostValve.invoke(StandardHostValve.java:115)
	at org.apache.catalina.valves.ErrorReportValve.invoke(ErrorReportValve.java:93)
	at org.apache.catalina.core.StandardEngineValve.invoke(StandardEngineValve.java:74)
	at org.apache.catalina.connector.CoyoteAdapter.service(CoyoteAdapter.java:344)
	at org.apache.coyote.http11.Http11Processor.service(Http11Processor.java:389)
	at org.apache.coyote.AbstractProcessorLight.process(AbstractProcessorLight.java:63)
	at org.apache.coyote.AbstractProtocol$ConnectionHandler.process(AbstractProtocol.java:904)
	at org.apache.tomcat.util.net.NioEndpoint$SocketProcessor.doRun(NioEndpoint.java:1741)
	at org.apache.tomcat.util.net.SocketProcessorBase.run(SocketProcessorBase.java:52)
	at org.apache.tomcat.util.threads.ThreadPoolExecutor.runWorker(ThreadPoolExecutor.java:1190)
	at org.apache.tomcat.util.threads.ThreadPoolExecutor$Worker.run(ThreadPoolExecutor.java:659)
	at org.apache.tomcat.util.threads.TaskThread$WrappingRunnable.run(TaskThread.java:63)
	at java.base/java.lang.Thread.run(Thread.java:1583)
2026-09-14 12:09:39 INFO  o.a.e.k.e.consumer.AsyncFetcher - Shutting down AsyncFetcher
2026-09-14 12:09:39 INFO  o.s.o.j.LocalContainerEntityManagerFactoryBean - Closing JPA EntityManagerFactory for persistence unit 'default'
2026-09-14 12:09:44 INFO  o.h.validator.internal.util.Version - HV000001: Hibernate Validator 8.0.1.Final
2026-09-14 12:09:44 INFO  c.h.p.PatientServiceApplication - Starting PatientServiceApplication using Java 21.0.9 with PID 19489 (/home/edwin/Documents/devops/hashimoto-platform/patient-service/target/classes started by edwin in /home/edwin/Documents/devops/hashimoto-platform/patient-service)
2026-09-14 12:09:44 INFO  c.h.p.PatientServiceApplication - The following 1 profile is active: "local"
2026-09-14 12:09:44 WARN  o.s.c.a.AnnotationTypeMapping - Support for convention-based annotation attribute overrides is deprecated and will be removed in Spring Framework 6.2. Please annotate the following attributes in @org.axonframework.spring.stereotype.Aggregate with appropriate @AliasFor declarations: [type]
2026-09-14 12:09:44 WARN  o.s.c.a.AnnotationTypeMapping - Support for convention-based annotation attribute overrides is deprecated and will be removed in Spring Framework 6.2. Please annotate the following attributes in @org.axonframework.eventsourcing.EventSourcingHandler with appropriate @AliasFor declarations: [payloadType]
2026-09-14 12:09:44 WARN  o.s.c.a.AnnotationTypeMapping - Support for convention-based annotation attribute overrides is deprecated and will be removed in Spring Framework 6.2. Please annotate the following attributes in @org.axonframework.eventsourcing.EventSourcingHandler with appropriate @AliasFor declarations: [payloadType]
2026-09-14 12:09:45 INFO  o.s.d.r.c.RepositoryConfigurationDelegate - Bootstrapping Spring Data JPA repositories in DEFAULT mode.
2026-09-14 12:09:45 INFO  o.s.d.r.c.RepositoryConfigurationDelegate - Finished Spring Data repository scanning in 6 ms. Found 0 JPA repository interfaces.
2026-09-14 12:09:45 INFO  o.s.b.w.e.tomcat.TomcatWebServer - Tomcat initialized with port 8080 (http)
2026-09-14 12:09:45 INFO  o.a.coyote.http11.Http11NioProtocol - Initializing ProtocolHandler ["http-nio-8080"]
2026-09-14 12:09:45 INFO  o.a.catalina.core.StandardService - Starting service [Tomcat]
2026-09-14 12:09:45 INFO  o.a.catalina.core.StandardEngine - Starting Servlet engine: [Apache Tomcat/10.1.25]
2026-09-14 12:09:45 INFO  o.a.c.c.C.[Tomcat].[localhost].[/] - Initializing Spring embedded WebApplicationContext
2026-09-14 12:09:45 INFO  o.s.b.w.s.c.ServletWebServerApplicationContext - Root WebApplicationContext: initialization completed in 891 ms
2026-09-14 12:09:45 INFO  o.h.jpa.internal.util.LogHelper - HHH000204: Processing PersistenceUnitInfo [name: default]
2026-09-14 12:09:45 INFO  org.hibernate.Version - HHH000412: Hibernate ORM core version 6.5.2.Final
2026-09-14 12:09:45 INFO  o.h.c.i.RegionFactoryInitiator - HHH000026: Second-level cache disabled
2026-09-14 12:09:45 INFO  o.s.o.j.p.SpringPersistenceUnitInfo - No LoadTimeWeaver setup: ignoring JPA class transformer
2026-09-14 12:09:45 INFO  com.zaxxer.hikari.HikariDataSource - HikariPool-1 - Starting...
2026-09-14 12:09:46 WARN  o.h.e.j.e.i.JdbcEnvironmentInitiator - HHH000342: Could not obtain connection to query metadata
java.lang.NullPointerException: Cannot invoke "org.hibernate.engine.jdbc.spi.SqlExceptionHelper.convert(java.sql.SQLException, String)" because the return value of "org.hibernate.resource.transaction.backend.jdbc.internal.JdbcIsolationDelegate.sqlExceptionHelper()" is null
	at org.hibernate.resource.transaction.backend.jdbc.internal.JdbcIsolationDelegate.delegateWork(JdbcIsolationDelegate.java:116)
	at org.hibernate.engine.jdbc.env.internal.JdbcEnvironmentInitiator.getJdbcEnvironmentUsingJdbcMetadata(JdbcEnvironmentInitiator.java:290)
	at org.hibernate.engine.jdbc.env.internal.JdbcEnvironmentInitiator.initiateService(JdbcEnvironmentInitiator.java:123)
	at org.hibernate.engine.jdbc.env.internal.JdbcEnvironmentInitiator.initiateService(JdbcEnvironmentInitiator.java:77)
	at org.hibernate.boot.registry.internal.StandardServiceRegistryImpl.initiateService(StandardServiceRegistryImpl.java:130)
	at org.hibernate.service.internal.AbstractServiceRegistryImpl.createService(AbstractServiceRegistryImpl.java:263)
	at org.hibernate.service.internal.AbstractServiceRegistryImpl.initializeService(AbstractServiceRegistryImpl.java:238)
	at org.hibernate.service.internal.AbstractServiceRegistryImpl.getService(AbstractServiceRegistryImpl.java:215)
	at org.hibernate.boot.model.relational.Database.<init>(Database.java:45)
	at org.hibernate.boot.internal.InFlightMetadataCollectorImpl.getDatabase(InFlightMetadataCollectorImpl.java:221)
	at org.hibernate.boot.internal.InFlightMetadataCollectorImpl.<init>(InFlightMetadataCollectorImpl.java:189)
	at org.hibernate.boot.model.process.spi.MetadataBuildingProcess.complete(MetadataBuildingProcess.java:171)
	at org.hibernate.jpa.boot.internal.EntityManagerFactoryBuilderImpl.metadata(EntityManagerFactoryBuilderImpl.java:1431)
	at org.hibernate.jpa.boot.internal.EntityManagerFactoryBuilderImpl.build(EntityManagerFactoryBuilderImpl.java:1502)
	at org.springframework.orm.jpa.vendor.SpringHibernateJpaPersistenceProvider.createContainerEntityManagerFactory(SpringHibernateJpaPersistenceProvider.java:75)
	at org.springframework.orm.jpa.LocalContainerEntityManagerFactoryBean.createNativeEntityManagerFactory(LocalContainerEntityManagerFactoryBean.java:390)
	at org.springframework.orm.jpa.AbstractEntityManagerFactoryBean.buildNativeEntityManagerFactory(AbstractEntityManagerFactoryBean.java:409)
	at org.springframework.orm.jpa.AbstractEntityManagerFactoryBean.afterPropertiesSet(AbstractEntityManagerFactoryBean.java:396)
	at org.springframework.orm.jpa.LocalContainerEntityManagerFactoryBean.afterPropertiesSet(LocalContainerEntityManagerFactoryBean.java:366)
	at org.springframework.beans.factory.support.AbstractAutowireCapableBeanFactory.invokeInitMethods(AbstractAutowireCapableBeanFactory.java:1835)
	at org.springframework.beans.factory.support.AbstractAutowireCapableBeanFactory.initializeBean(AbstractAutowireCapableBeanFactory.java:1784)
	at org.springframework.beans.factory.support.AbstractAutowireCapableBeanFactory.doCreateBean(AbstractAutowireCapableBeanFactory.java:600)
	at org.springframework.beans.factory.support.AbstractAutowireCapableBeanFactory.createBean(AbstractAutowireCapableBeanFactory.java:522)
	at org.springframework.beans.factory.support.AbstractBeanFactory.lambda$doGetBean$0(AbstractBeanFactory.java:337)
	at org.springframework.beans.factory.support.DefaultSingletonBeanRegistry.getSingleton(DefaultSingletonBeanRegistry.java:234)
	at org.springframework.beans.factory.support.AbstractBeanFactory.doGetBean(AbstractBeanFactory.java:335)
	at org.springframework.beans.factory.support.AbstractBeanFactory.getBean(AbstractBeanFactory.java:205)
	at org.springframework.context.support.AbstractApplicationContext.finishBeanFactoryInitialization(AbstractApplicationContext.java:952)
	at org.springframework.context.support.AbstractApplicationContext.refresh(AbstractApplicationContext.java:624)
	at org.springframework.boot.web.servlet.context.ServletWebServerApplicationContext.refresh(ServletWebServerApplicationContext.java:146)
	at org.springframework.boot.SpringApplication.refresh(SpringApplication.java:754)
	at org.springframework.boot.SpringApplication.refreshContext(SpringApplication.java:456)
	at org.springframework.boot.SpringApplication.run(SpringApplication.java:335)
	at org.springframework.boot.builder.SpringApplicationBuilder.run(SpringApplicationBuilder.java:149)
	at com.hashimoto.patient_service.PatientServiceApplication.main(PatientServiceApplication.java:14)
2026-09-14 12:09:46 WARN  org.hibernate.orm.deprecation - HHH90000025: PostgreSQLDialect does not need to be specified explicitly using 'hibernate.dialect' (remove the property setting and it will be selected by default)
2026-09-14 12:09:47 INFO  o.h.e.t.j.p.i.JtaPlatformInitiator - HHH000489: No JTA platform available (set 'hibernate.transaction.jta.platform' to enable JTA platform integration)
2026-09-14 12:09:47 INFO  o.s.o.j.LocalContainerEntityManagerFactoryBean - Initialized JPA EntityManagerFactory for persistence unit 'default'
2026-09-14 12:09:47 INFO  o.a.s.a.XStreamAutoConfiguration - Initializing an XStream instance since none was found. The auto configuration base packages will be used as wildcards for the XStream security settings.
2026-09-14 12:09:47 INFO  o.a.s.u.XStreamSecurityTypeUtility - Constructing wildcard type for base package [com.hashimoto.patient_service].
2026-09-14 12:09:47 INFO  o.a.serialization.ChainingConverter - ContentTypeConverter of type [class org.axonframework.serialization.xml.Dom4JToByteArrayConverter] is ignored. It seems to rely on a class that is not available in the class loader: org/dom4j/Document
2026-09-14 12:09:47 INFO  o.a.serialization.ChainingConverter - ContentTypeConverter of type [class org.axonframework.serialization.xml.InputStreamToDom4jConverter] is ignored. It seems to rely on a class that is not available in the class loader: org/dom4j/Document
2026-09-14 12:09:47 INFO  o.a.serialization.ChainingConverter - ContentTypeConverter of type [class org.axonframework.serialization.xml.XomToStringConverter] is ignored. It seems to rely on a class that is not available in the class loader: nu/xom/Document
2026-09-14 12:09:47 INFO  o.a.serialization.ChainingConverter - ContentTypeConverter of type [class org.axonframework.serialization.xml.InputStreamToXomConverter] is ignored. It seems to rely on a class that is not available in the class loader: nu/xom/ParsingException
2026-09-14 12:09:47 INFO  o.a.config.AxonIQConsoleModule - 
################################################################################################
## You have not configured AxonIQ Console. AxonIQ Console provides out-of-the box monitoring  ##
## and management capabilities for your Axon Application, starting with it is free.           ##
## Visit https://console.axoniq.io for more information!                                      ##
## Suppress this message by setting system property disable-axoniq-console-message to true.   ##
################################################################################################

2026-09-14 12:09:47 WARN  o.s.b.a.o.j.JpaBaseConfiguration$JpaWebConfiguration - spring.jpa.open-in-view is enabled by default. Therefore, database queries may be performed during view rendering. Explicitly configure spring.jpa.open-in-view to disable this warning
2026-09-14 12:09:47 INFO  o.s.b.a.e.web.EndpointLinksResolver - Exposing 1 endpoint beneath base path '/actuator'
2026-09-14 12:09:47 INFO  o.a.coyote.http11.Http11NioProtocol - Starting ProtocolHandler ["http-nio-8080"]
2026-09-14 12:09:47 INFO  o.s.b.w.e.tomcat.TomcatWebServer - Tomcat started on port 8080 (http) with context path '/'
2026-09-14 12:09:47 INFO  c.h.p.PatientServiceApplication - Started PatientServiceApplication in 3.474 seconds (process running for 3.624)
2026-09-14 12:09:54 INFO  o.a.c.c.C.[Tomcat].[localhost].[/] - Initializing Spring DispatcherServlet 'dispatcherServlet'
2026-09-14 12:09:54 INFO  o.s.web.servlet.DispatcherServlet - Initializing Servlet 'dispatcherServlet'
2026-09-14 12:09:54 INFO  o.s.web.servlet.DispatcherServlet - Completed initialization in 1 ms
2026-09-14 12:09:54 INFO  com.zaxxer.hikari.HikariDataSource - HikariPool-1 - Starting...
2026-09-14 12:09:55 WARN  o.h.e.jdbc.spi.SqlExceptionHelper - SQL Error: 0, SQLState: 28P01
2026-09-14 12:09:55 ERROR o.h.e.jdbc.spi.SqlExceptionHelper - FATAL: password authentication failed for user "postgres"
2026-09-14 12:09:55 ERROR o.a.c.c.C.[.[.[.[dispatcherServlet] - Servlet.service() for servlet [dispatcherServlet] in context with path [] threw exception [Request processing failed: org.springframework.transaction.CannotCreateTransactionException: Could not open JPA EntityManager for transaction] with root cause
org.postgresql.util.PSQLException: FATAL: password authentication failed for user "postgres"
	at org.postgresql.core.v3.ConnectionFactoryImpl.doAuthentication(ConnectionFactoryImpl.java:698)
	at org.postgresql.core.v3.ConnectionFactoryImpl.tryConnect(ConnectionFactoryImpl.java:207)
	at org.postgresql.core.v3.ConnectionFactoryImpl.openConnectionImpl(ConnectionFactoryImpl.java:262)
	at org.postgresql.core.ConnectionFactory.openConnection(ConnectionFactory.java:54)
	at org.postgresql.jdbc.PgConnection.<init>(PgConnection.java:273)
	at org.postgresql.Driver.makeConnection(Driver.java:446)
	at org.postgresql.Driver.connect(Driver.java:298)
	at com.zaxxer.hikari.util.DriverDataSource.getConnection(DriverDataSource.java:137)
	at com.zaxxer.hikari.pool.PoolBase.newConnection(PoolBase.java:360)
	at com.zaxxer.hikari.pool.PoolBase.newPoolEntry(PoolBase.java:202)
	at com.zaxxer.hikari.pool.HikariPool.createPoolEntry(HikariPool.java:461)
	at com.zaxxer.hikari.pool.HikariPool.checkFailFast(HikariPool.java:550)
	at com.zaxxer.hikari.pool.HikariPool.<init>(HikariPool.java:98)
	at com.zaxxer.hikari.HikariDataSource.getConnection(HikariDataSource.java:111)
	at org.hibernate.engine.jdbc.connections.internal.DatasourceConnectionProviderImpl.getConnection(DatasourceConnectionProviderImpl.java:122)
	at org.hibernate.internal.NonContextualJdbcConnectionAccess.obtainConnection(NonContextualJdbcConnectionAccess.java:46)
	at org.hibernate.resource.jdbc.internal.LogicalConnectionManagedImpl.acquireConnectionIfNeeded(LogicalConnectionManagedImpl.java:113)
	at org.hibernate.resource.jdbc.internal.LogicalConnectionManagedImpl.getPhysicalConnection(LogicalConnectionManagedImpl.java:143)
	at org.hibernate.resource.jdbc.internal.LogicalConnectionManagedImpl.getConnectionForTransactionManagement(LogicalConnectionManagedImpl.java:273)
	at org.hibernate.resource.jdbc.internal.LogicalConnectionManagedImpl.begin(LogicalConnectionManagedImpl.java:281)
	at org.hibernate.resource.transaction.backend.jdbc.internal.JdbcResourceLocalTransactionCoordinatorImpl$TransactionDriverControlImpl.begin(JdbcResourceLocalTransactionCoordinatorImpl.java:232)
	at org.hibernate.engine.transaction.internal.TransactionImpl.begin(TransactionImpl.java:83)
	at org.springframework.orm.jpa.vendor.HibernateJpaDialect.beginTransaction(HibernateJpaDialect.java:176)
	at org.springframework.orm.jpa.JpaTransactionManager.doBegin(JpaTransactionManager.java:420)
	at org.springframework.transaction.support.AbstractPlatformTransactionManager.startTransaction(AbstractPlatformTransactionManager.java:532)
	at org.springframework.transaction.support.AbstractPlatformTransactionManager.getTransaction(AbstractPlatformTransactionManager.java:405)
	at org.axonframework.spring.messaging.unitofwork.SpringTransactionManager.startTransaction(SpringTransactionManager.java:65)
	at org.axonframework.messaging.unitofwork.UnitOfWork.attachTransaction(UnitOfWork.java:273)
	at org.axonframework.commandhandling.SimpleCommandBus.lambda$handle$2(SimpleCommandBus.java:197)
	at org.axonframework.tracing.Span.runSupplier(Span.java:163)
	at org.axonframework.commandhandling.SimpleCommandBus.handle(SimpleCommandBus.java:191)
	at org.axonframework.commandhandling.SimpleCommandBus.doDispatch(SimpleCommandBus.java:165)
	at org.axonframework.commandhandling.SimpleCommandBus.lambda$dispatch$1(SimpleCommandBus.java:131)
	at org.axonframework.tracing.Span.run(Span.java:101)
	at org.axonframework.commandhandling.SimpleCommandBus.dispatch(SimpleCommandBus.java:125)
	at org.axonframework.commandhandling.gateway.AbstractCommandGateway.send(AbstractCommandGateway.java:76)
	at org.axonframework.commandhandling.gateway.DefaultCommandGateway.send(DefaultCommandGateway.java:83)
	at org.axonframework.commandhandling.gateway.DefaultCommandGateway.send(DefaultCommandGateway.java:138)
	at com.hashimoto.patient_service.api.PatientControllerAPI.createPatient(PatientControllerAPI.java:37)
	at java.base/jdk.internal.reflect.DirectMethodHandleAccessor.invoke(DirectMethodHandleAccessor.java:103)
	at java.base/java.lang.reflect.Method.invoke(Method.java:580)
	at org.springframework.web.method.support.InvocableHandlerMethod.doInvoke(InvocableHandlerMethod.java:255)
	at org.springframework.web.method.support.InvocableHandlerMethod.invokeForRequest(InvocableHandlerMethod.java:188)
	at org.springframework.web.servlet.mvc.method.annotation.ServletInvocableHandlerMethod.invokeAndHandle(ServletInvocableHandlerMethod.java:118)
	at org.springframework.web.servlet.mvc.method.annotation.RequestMappingHandlerAdapter.invokeHandlerMethod(RequestMappingHandlerAdapter.java:926)
	at org.springframework.web.servlet.mvc.method.annotation.RequestMappingHandlerAdapter.handleInternal(RequestMappingHandlerAdapter.java:831)
	at org.springframework.web.servlet.mvc.method.AbstractHandlerMethodAdapter.handle(AbstractHandlerMethodAdapter.java:87)
	at org.springframework.web.servlet.DispatcherServlet.doDispatch(DispatcherServlet.java:1089)
	at org.springframework.web.servlet.DispatcherServlet.doService(DispatcherServlet.java:979)
	at org.springframework.web.servlet.FrameworkServlet.processRequest(FrameworkServlet.java:1014)
	at org.springframework.web.servlet.FrameworkServlet.doPost(FrameworkServlet.java:914)
	at jakarta.servlet.http.HttpServlet.service(HttpServlet.java:590)
	at org.springframework.web.servlet.FrameworkServlet.service(FrameworkServlet.java:885)
	at jakarta.servlet.http.HttpServlet.service(HttpServlet.java:658)
	at org.apache.catalina.core.ApplicationFilterChain.internalDoFilter(ApplicationFilterChain.java:195)
	at org.apache.catalina.core.ApplicationFilterChain.doFilter(ApplicationFilterChain.java:140)
	at org.apache.tomcat.websocket.server.WsFilter.doFilter(WsFilter.java:51)
	at org.apache.catalina.core.ApplicationFilterChain.internalDoFilter(ApplicationFilterChain.java:164)
	at org.apache.catalina.core.ApplicationFilterChain.doFilter(ApplicationFilterChain.java:140)
	at org.springframework.web.filter.RequestContextFilter.doFilterInternal(RequestContextFilter.java:100)
	at org.springframework.web.filter.OncePerRequestFilter.doFilter(OncePerRequestFilter.java:116)
	at org.apache.catalina.core.ApplicationFilterChain.internalDoFilter(ApplicationFilterChain.java:164)
	at org.apache.catalina.core.ApplicationFilterChain.doFilter(ApplicationFilterChain.java:140)
	at org.springframework.web.filter.FormContentFilter.doFilterInternal(FormContentFilter.java:93)
	at org.springframework.web.filter.OncePerRequestFilter.doFilter(OncePerRequestFilter.java:116)
	at org.apache.catalina.core.ApplicationFilterChain.internalDoFilter(ApplicationFilterChain.java:164)
	at org.apache.catalina.core.ApplicationFilterChain.doFilter(ApplicationFilterChain.java:140)
	at org.springframework.web.filter.ServerHttpObservationFilter.doFilterInternal(ServerHttpObservationFilter.java:107)
	at org.springframework.web.filter.OncePerRequestFilter.doFilter(OncePerRequestFilter.java:116)
	at org.apache.catalina.core.ApplicationFilterChain.internalDoFilter(ApplicationFilterChain.java:164)
	at org.apache.catalina.core.ApplicationFilterChain.doFilter(ApplicationFilterChain.java:140)
	at org.springframework.web.filter.CharacterEncodingFilter.doFilterInternal(CharacterEncodingFilter.java:201)
	at org.springframework.web.filter.OncePerRequestFilter.doFilter(OncePerRequestFilter.java:116)
	at org.apache.catalina.core.ApplicationFilterChain.internalDoFilter(ApplicationFilterChain.java:164)
	at org.apache.catalina.core.ApplicationFilterChain.doFilter(ApplicationFilterChain.java:140)
	at org.apache.catalina.core.StandardWrapperValve.invoke(StandardWrapperValve.java:167)
	at org.apache.catalina.core.StandardContextValve.invoke(StandardContextValve.java:90)
	at org.apache.catalina.authenticator.AuthenticatorBase.invoke(AuthenticatorBase.java:482)
	at org.apache.catalina.core.StandardHostValve.invoke(StandardHostValve.java:115)
	at org.apache.catalina.valves.ErrorReportValve.invoke(ErrorReportValve.java:93)
	at org.apache.catalina.core.StandardEngineValve.invoke(StandardEngineValve.java:74)
	at org.apache.catalina.connector.CoyoteAdapter.service(CoyoteAdapter.java:344)
	at org.apache.coyote.http11.Http11Processor.service(Http11Processor.java:389)
	at org.apache.coyote.AbstractProcessorLight.process(AbstractProcessorLight.java:63)
	at org.apache.coyote.AbstractProtocol$ConnectionHandler.process(AbstractProtocol.java:904)
	at org.apache.tomcat.util.net.NioEndpoint$SocketProcessor.doRun(NioEndpoint.java:1741)
	at org.apache.tomcat.util.net.SocketProcessorBase.run(SocketProcessorBase.java:52)
	at org.apache.tomcat.util.threads.ThreadPoolExecutor.runWorker(ThreadPoolExecutor.java:1190)
	at org.apache.tomcat.util.threads.ThreadPoolExecutor$Worker.run(ThreadPoolExecutor.java:659)
	at org.apache.tomcat.util.threads.TaskThread$WrappingRunnable.run(TaskThread.java:63)
	at java.base/java.lang.Thread.run(Thread.java:1583)
2026-09-14 12:12:14 INFO  o.a.e.k.e.consumer.AsyncFetcher - Shutting down AsyncFetcher
2026-09-14 12:12:14 INFO  o.s.o.j.LocalContainerEntityManagerFactoryBean - Closing JPA EntityManagerFactory for persistence unit 'default'
2026-09-14 12:14:09 INFO  o.h.validator.internal.util.Version - HV000001: Hibernate Validator 8.0.1.Final
2026-09-14 12:14:09 INFO  c.h.p.PatientServiceApplication - Starting PatientServiceApplication using Java 21.0.9 with PID 23628 (/home/edwin/Documents/devops/hashimoto-platform/patient-service/target/classes started by edwin in /home/edwin/Documents/devops/hashimoto-platform/patient-service)
2026-09-14 12:14:09 INFO  c.h.p.PatientServiceApplication - The following 1 profile is active: "local"
2026-09-14 12:14:09 WARN  o.s.c.a.AnnotationTypeMapping - Support for convention-based annotation attribute overrides is deprecated and will be removed in Spring Framework 6.2. Please annotate the following attributes in @org.axonframework.spring.stereotype.Aggregate with appropriate @AliasFor declarations: [type]
2026-09-14 12:14:09 WARN  o.s.c.a.AnnotationTypeMapping - Support for convention-based annotation attribute overrides is deprecated and will be removed in Spring Framework 6.2. Please annotate the following attributes in @org.axonframework.eventsourcing.EventSourcingHandler with appropriate @AliasFor declarations: [payloadType]
2026-09-14 12:14:09 WARN  o.s.c.a.AnnotationTypeMapping - Support for convention-based annotation attribute overrides is deprecated and will be removed in Spring Framework 6.2. Please annotate the following attributes in @org.axonframework.eventsourcing.EventSourcingHandler with appropriate @AliasFor declarations: [payloadType]
2026-09-14 12:14:09 INFO  o.s.d.r.c.RepositoryConfigurationDelegate - Bootstrapping Spring Data JPA repositories in DEFAULT mode.
2026-09-14 12:14:09 INFO  o.s.d.r.c.RepositoryConfigurationDelegate - Finished Spring Data repository scanning in 6 ms. Found 0 JPA repository interfaces.
2026-09-14 12:14:10 INFO  o.s.b.w.e.tomcat.TomcatWebServer - Tomcat initialized with port 8080 (http)
2026-09-14 12:14:10 INFO  o.a.coyote.http11.Http11NioProtocol - Initializing ProtocolHandler ["http-nio-8080"]
2026-09-14 12:14:10 INFO  o.a.catalina.core.StandardService - Starting service [Tomcat]
2026-09-14 12:14:10 INFO  o.a.catalina.core.StandardEngine - Starting Servlet engine: [Apache Tomcat/10.1.25]
2026-09-14 12:14:10 INFO  o.a.c.c.C.[Tomcat].[localhost].[/] - Initializing Spring embedded WebApplicationContext
2026-09-14 12:14:10 INFO  o.s.b.w.s.c.ServletWebServerApplicationContext - Root WebApplicationContext: initialization completed in 874 ms
2026-09-14 12:14:10 INFO  o.h.jpa.internal.util.LogHelper - HHH000204: Processing PersistenceUnitInfo [name: default]
2026-09-14 12:14:10 INFO  org.hibernate.Version - HHH000412: Hibernate ORM core version 6.5.2.Final
2026-09-14 12:14:10 INFO  o.h.c.i.RegionFactoryInitiator - HHH000026: Second-level cache disabled
2026-09-14 12:14:10 INFO  o.s.o.j.p.SpringPersistenceUnitInfo - No LoadTimeWeaver setup: ignoring JPA class transformer
2026-09-14 12:14:10 INFO  com.zaxxer.hikari.HikariDataSource - HikariPool-1 - Starting...
2026-09-14 12:14:11 WARN  o.h.e.j.e.i.JdbcEnvironmentInitiator - HHH000342: Could not obtain connection to query metadata
java.lang.NullPointerException: Cannot invoke "org.hibernate.engine.jdbc.spi.SqlExceptionHelper.convert(java.sql.SQLException, String)" because the return value of "org.hibernate.resource.transaction.backend.jdbc.internal.JdbcIsolationDelegate.sqlExceptionHelper()" is null
	at org.hibernate.resource.transaction.backend.jdbc.internal.JdbcIsolationDelegate.delegateWork(JdbcIsolationDelegate.java:116)
	at org.hibernate.engine.jdbc.env.internal.JdbcEnvironmentInitiator.getJdbcEnvironmentUsingJdbcMetadata(JdbcEnvironmentInitiator.java:290)
	at org.hibernate.engine.jdbc.env.internal.JdbcEnvironmentInitiator.initiateService(JdbcEnvironmentInitiator.java:123)
	at org.hibernate.engine.jdbc.env.internal.JdbcEnvironmentInitiator.initiateService(JdbcEnvironmentInitiator.java:77)
	at org.hibernate.boot.registry.internal.StandardServiceRegistryImpl.initiateService(StandardServiceRegistryImpl.java:130)
	at org.hibernate.service.internal.AbstractServiceRegistryImpl.createService(AbstractServiceRegistryImpl.java:263)
	at org.hibernate.service.internal.AbstractServiceRegistryImpl.initializeService(AbstractServiceRegistryImpl.java:238)
	at org.hibernate.service.internal.AbstractServiceRegistryImpl.getService(AbstractServiceRegistryImpl.java:215)
	at org.hibernate.boot.model.relational.Database.<init>(Database.java:45)
	at org.hibernate.boot.internal.InFlightMetadataCollectorImpl.getDatabase(InFlightMetadataCollectorImpl.java:221)
	at org.hibernate.boot.internal.InFlightMetadataCollectorImpl.<init>(InFlightMetadataCollectorImpl.java:189)
	at org.hibernate.boot.model.process.spi.MetadataBuildingProcess.complete(MetadataBuildingProcess.java:171)
	at org.hibernate.jpa.boot.internal.EntityManagerFactoryBuilderImpl.metadata(EntityManagerFactoryBuilderImpl.java:1431)
	at org.hibernate.jpa.boot.internal.EntityManagerFactoryBuilderImpl.build(EntityManagerFactoryBuilderImpl.java:1502)
	at org.springframework.orm.jpa.vendor.SpringHibernateJpaPersistenceProvider.createContainerEntityManagerFactory(SpringHibernateJpaPersistenceProvider.java:75)
	at org.springframework.orm.jpa.LocalContainerEntityManagerFactoryBean.createNativeEntityManagerFactory(LocalContainerEntityManagerFactoryBean.java:390)
	at org.springframework.orm.jpa.AbstractEntityManagerFactoryBean.buildNativeEntityManagerFactory(AbstractEntityManagerFactoryBean.java:409)
	at org.springframework.orm.jpa.AbstractEntityManagerFactoryBean.afterPropertiesSet(AbstractEntityManagerFactoryBean.java:396)
	at org.springframework.orm.jpa.LocalContainerEntityManagerFactoryBean.afterPropertiesSet(LocalContainerEntityManagerFactoryBean.java:366)
	at org.springframework.beans.factory.support.AbstractAutowireCapableBeanFactory.invokeInitMethods(AbstractAutowireCapableBeanFactory.java:1835)
	at org.springframework.beans.factory.support.AbstractAutowireCapableBeanFactory.initializeBean(AbstractAutowireCapableBeanFactory.java:1784)
	at org.springframework.beans.factory.support.AbstractAutowireCapableBeanFactory.doCreateBean(AbstractAutowireCapableBeanFactory.java:600)
	at org.springframework.beans.factory.support.AbstractAutowireCapableBeanFactory.createBean(AbstractAutowireCapableBeanFactory.java:522)
	at org.springframework.beans.factory.support.AbstractBeanFactory.lambda$doGetBean$0(AbstractBeanFactory.java:337)
	at org.springframework.beans.factory.support.DefaultSingletonBeanRegistry.getSingleton(DefaultSingletonBeanRegistry.java:234)
	at org.springframework.beans.factory.support.AbstractBeanFactory.doGetBean(AbstractBeanFactory.java:335)
	at org.springframework.beans.factory.support.AbstractBeanFactory.getBean(AbstractBeanFactory.java:205)
	at org.springframework.context.support.AbstractApplicationContext.finishBeanFactoryInitialization(AbstractApplicationContext.java:952)
	at org.springframework.context.support.AbstractApplicationContext.refresh(AbstractApplicationContext.java:624)
	at org.springframework.boot.web.servlet.context.ServletWebServerApplicationContext.refresh(ServletWebServerApplicationContext.java:146)
	at org.springframework.boot.SpringApplication.refresh(SpringApplication.java:754)
	at org.springframework.boot.SpringApplication.refreshContext(SpringApplication.java:456)
	at org.springframework.boot.SpringApplication.run(SpringApplication.java:335)
	at org.springframework.boot.builder.SpringApplicationBuilder.run(SpringApplicationBuilder.java:149)
	at com.hashimoto.patient_service.PatientServiceApplication.main(PatientServiceApplication.java:14)
2026-09-14 12:14:11 WARN  org.hibernate.orm.deprecation - HHH90000025: PostgreSQLDialect does not need to be specified explicitly using 'hibernate.dialect' (remove the property setting and it will be selected by default)
2026-09-14 12:14:11 INFO  o.h.e.t.j.p.i.JtaPlatformInitiator - HHH000489: No JTA platform available (set 'hibernate.transaction.jta.platform' to enable JTA platform integration)
2026-09-14 12:14:11 INFO  o.s.o.j.LocalContainerEntityManagerFactoryBean - Initialized JPA EntityManagerFactory for persistence unit 'default'
2026-09-14 12:14:11 INFO  o.a.s.a.XStreamAutoConfiguration - Initializing an XStream instance since none was found. The auto configuration base packages will be used as wildcards for the XStream security settings.
2026-09-14 12:14:11 INFO  o.a.s.u.XStreamSecurityTypeUtility - Constructing wildcard type for base package [com.hashimoto.patient_service].
2026-09-14 12:14:11 INFO  o.a.serialization.ChainingConverter - ContentTypeConverter of type [class org.axonframework.serialization.xml.Dom4JToByteArrayConverter] is ignored. It seems to rely on a class that is not available in the class loader: org/dom4j/Document
2026-09-14 12:14:11 INFO  o.a.serialization.ChainingConverter - ContentTypeConverter of type [class org.axonframework.serialization.xml.InputStreamToDom4jConverter] is ignored. It seems to rely on a class that is not available in the class loader: org/dom4j/Document
2026-09-14 12:14:11 INFO  o.a.serialization.ChainingConverter - ContentTypeConverter of type [class org.axonframework.serialization.xml.XomToStringConverter] is ignored. It seems to rely on a class that is not available in the class loader: nu/xom/Document
2026-09-14 12:14:11 INFO  o.a.serialization.ChainingConverter - ContentTypeConverter of type [class org.axonframework.serialization.xml.InputStreamToXomConverter] is ignored. It seems to rely on a class that is not available in the class loader: nu/xom/ParsingException
2026-09-14 12:14:11 INFO  o.a.config.AxonIQConsoleModule - 
################################################################################################
## You have not configured AxonIQ Console. AxonIQ Console provides out-of-the box monitoring  ##
## and management capabilities for your Axon Application, starting with it is free.           ##
## Visit https://console.axoniq.io for more information!                                      ##
## Suppress this message by setting system property disable-axoniq-console-message to true.   ##
################################################################################################

2026-09-14 12:14:11 WARN  o.s.b.a.o.j.JpaBaseConfiguration$JpaWebConfiguration - spring.jpa.open-in-view is enabled by default. Therefore, database queries may be performed during view rendering. Explicitly configure spring.jpa.open-in-view to disable this warning
2026-09-14 12:14:12 INFO  o.s.b.a.e.web.EndpointLinksResolver - Exposing 1 endpoint beneath base path '/actuator'
2026-09-14 12:14:12 INFO  o.a.coyote.http11.Http11NioProtocol - Starting ProtocolHandler ["http-nio-8080"]
2026-09-14 12:14:12 INFO  o.s.b.w.e.tomcat.TomcatWebServer - Tomcat started on port 8080 (http) with context path '/'
2026-09-14 12:14:12 INFO  c.h.p.PatientServiceApplication - Started PatientServiceApplication in 3.403 seconds (process running for 3.552)
2026-09-14 12:14:20 INFO  o.a.c.c.C.[Tomcat].[localhost].[/] - Initializing Spring DispatcherServlet 'dispatcherServlet'
2026-09-14 12:14:20 INFO  o.s.web.servlet.DispatcherServlet - Initializing Servlet 'dispatcherServlet'
2026-09-14 12:14:20 INFO  o.s.web.servlet.DispatcherServlet - Completed initialization in 1 ms
2026-09-14 12:14:20 INFO  com.zaxxer.hikari.HikariDataSource - HikariPool-1 - Starting...
2026-09-14 12:14:21 WARN  o.h.e.jdbc.spi.SqlExceptionHelper - SQL Error: 0, SQLState: 28P01
2026-09-14 12:14:21 ERROR o.h.e.jdbc.spi.SqlExceptionHelper - FATAL: password authentication failed for user "postgres"
2026-09-14 12:14:21 ERROR o.a.c.c.C.[.[.[.[dispatcherServlet] - Servlet.service() for servlet [dispatcherServlet] in context with path [] threw exception [Request processing failed: org.springframework.transaction.CannotCreateTransactionException: Could not open JPA EntityManager for transaction] with root cause
org.postgresql.util.PSQLException: FATAL: password authentication failed for user "postgres"
	at org.postgresql.core.v3.ConnectionFactoryImpl.doAuthentication(ConnectionFactoryImpl.java:698)
	at org.postgresql.core.v3.ConnectionFactoryImpl.tryConnect(ConnectionFactoryImpl.java:207)
	at org.postgresql.core.v3.ConnectionFactoryImpl.openConnectionImpl(ConnectionFactoryImpl.java:262)
	at org.postgresql.core.ConnectionFactory.openConnection(ConnectionFactory.java:54)
	at org.postgresql.jdbc.PgConnection.<init>(PgConnection.java:273)
	at org.postgresql.Driver.makeConnection(Driver.java:446)
	at org.postgresql.Driver.connect(Driver.java:298)
	at com.zaxxer.hikari.util.DriverDataSource.getConnection(DriverDataSource.java:137)
	at com.zaxxer.hikari.pool.PoolBase.newConnection(PoolBase.java:360)
	at com.zaxxer.hikari.pool.PoolBase.newPoolEntry(PoolBase.java:202)
	at com.zaxxer.hikari.pool.HikariPool.createPoolEntry(HikariPool.java:461)
	at com.zaxxer.hikari.pool.HikariPool.checkFailFast(HikariPool.java:550)
	at com.zaxxer.hikari.pool.HikariPool.<init>(HikariPool.java:98)
	at com.zaxxer.hikari.HikariDataSource.getConnection(HikariDataSource.java:111)
	at org.hibernate.engine.jdbc.connections.internal.DatasourceConnectionProviderImpl.getConnection(DatasourceConnectionProviderImpl.java:122)
	at org.hibernate.internal.NonContextualJdbcConnectionAccess.obtainConnection(NonContextualJdbcConnectionAccess.java:46)
	at org.hibernate.resource.jdbc.internal.LogicalConnectionManagedImpl.acquireConnectionIfNeeded(LogicalConnectionManagedImpl.java:113)
	at org.hibernate.resource.jdbc.internal.LogicalConnectionManagedImpl.getPhysicalConnection(LogicalConnectionManagedImpl.java:143)
	at org.hibernate.resource.jdbc.internal.LogicalConnectionManagedImpl.getConnectionForTransactionManagement(LogicalConnectionManagedImpl.java:273)
	at org.hibernate.resource.jdbc.internal.LogicalConnectionManagedImpl.begin(LogicalConnectionManagedImpl.java:281)
	at org.hibernate.resource.transaction.backend.jdbc.internal.JdbcResourceLocalTransactionCoordinatorImpl$TransactionDriverControlImpl.begin(JdbcResourceLocalTransactionCoordinatorImpl.java:232)
	at org.hibernate.engine.transaction.internal.TransactionImpl.begin(TransactionImpl.java:83)
	at org.springframework.orm.jpa.vendor.HibernateJpaDialect.beginTransaction(HibernateJpaDialect.java:176)
	at org.springframework.orm.jpa.JpaTransactionManager.doBegin(JpaTransactionManager.java:420)
	at org.springframework.transaction.support.AbstractPlatformTransactionManager.startTransaction(AbstractPlatformTransactionManager.java:532)
	at org.springframework.transaction.support.AbstractPlatformTransactionManager.getTransaction(AbstractPlatformTransactionManager.java:405)
	at org.axonframework.spring.messaging.unitofwork.SpringTransactionManager.startTransaction(SpringTransactionManager.java:65)
	at org.axonframework.messaging.unitofwork.UnitOfWork.attachTransaction(UnitOfWork.java:273)
	at org.axonframework.commandhandling.SimpleCommandBus.lambda$handle$2(SimpleCommandBus.java:197)
	at org.axonframework.tracing.Span.runSupplier(Span.java:163)
	at org.axonframework.commandhandling.SimpleCommandBus.handle(SimpleCommandBus.java:191)
	at org.axonframework.commandhandling.SimpleCommandBus.doDispatch(SimpleCommandBus.java:165)
	at org.axonframework.commandhandling.SimpleCommandBus.lambda$dispatch$1(SimpleCommandBus.java:131)
	at org.axonframework.tracing.Span.run(Span.java:101)
	at org.axonframework.commandhandling.SimpleCommandBus.dispatch(SimpleCommandBus.java:125)
	at org.axonframework.commandhandling.gateway.AbstractCommandGateway.send(AbstractCommandGateway.java:76)
	at org.axonframework.commandhandling.gateway.DefaultCommandGateway.send(DefaultCommandGateway.java:83)
	at org.axonframework.commandhandling.gateway.DefaultCommandGateway.send(DefaultCommandGateway.java:138)
	at com.hashimoto.patient_service.api.PatientControllerAPI.createPatient(PatientControllerAPI.java:37)
	at java.base/jdk.internal.reflect.DirectMethodHandleAccessor.invoke(DirectMethodHandleAccessor.java:103)
	at java.base/java.lang.reflect.Method.invoke(Method.java:580)
	at org.springframework.web.method.support.InvocableHandlerMethod.doInvoke(InvocableHandlerMethod.java:255)
	at org.springframework.web.method.support.InvocableHandlerMethod.invokeForRequest(InvocableHandlerMethod.java:188)
	at org.springframework.web.servlet.mvc.method.annotation.ServletInvocableHandlerMethod.invokeAndHandle(ServletInvocableHandlerMethod.java:118)
	at org.springframework.web.servlet.mvc.method.annotation.RequestMappingHandlerAdapter.invokeHandlerMethod(RequestMappingHandlerAdapter.java:926)
	at org.springframework.web.servlet.mvc.method.annotation.RequestMappingHandlerAdapter.handleInternal(RequestMappingHandlerAdapter.java:831)
	at org.springframework.web.servlet.mvc.method.AbstractHandlerMethodAdapter.handle(AbstractHandlerMethodAdapter.java:87)
	at org.springframework.web.servlet.DispatcherServlet.doDispatch(DispatcherServlet.java:1089)
	at org.springframework.web.servlet.DispatcherServlet.doService(DispatcherServlet.java:979)
	at org.springframework.web.servlet.FrameworkServlet.processRequest(FrameworkServlet.java:1014)
	at org.springframework.web.servlet.FrameworkServlet.doPost(FrameworkServlet.java:914)
	at jakarta.servlet.http.HttpServlet.service(HttpServlet.java:590)
	at org.springframework.web.servlet.FrameworkServlet.service(FrameworkServlet.java:885)
	at jakarta.servlet.http.HttpServlet.service(HttpServlet.java:658)
	at org.apache.catalina.core.ApplicationFilterChain.internalDoFilter(ApplicationFilterChain.java:195)
	at org.apache.catalina.core.ApplicationFilterChain.doFilter(ApplicationFilterChain.java:140)
	at org.apache.tomcat.websocket.server.WsFilter.doFilter(WsFilter.java:51)
	at org.apache.catalina.core.ApplicationFilterChain.internalDoFilter(ApplicationFilterChain.java:164)
	at org.apache.catalina.core.ApplicationFilterChain.doFilter(ApplicationFilterChain.java:140)
	at org.springframework.web.filter.RequestContextFilter.doFilterInternal(RequestContextFilter.java:100)
	at org.springframework.web.filter.OncePerRequestFilter.doFilter(OncePerRequestFilter.java:116)
	at org.apache.catalina.core.ApplicationFilterChain.internalDoFilter(ApplicationFilterChain.java:164)
	at org.apache.catalina.core.ApplicationFilterChain.doFilter(ApplicationFilterChain.java:140)
	at org.springframework.web.filter.FormContentFilter.doFilterInternal(FormContentFilter.java:93)
	at org.springframework.web.filter.OncePerRequestFilter.doFilter(OncePerRequestFilter.java:116)
	at org.apache.catalina.core.ApplicationFilterChain.internalDoFilter(ApplicationFilterChain.java:164)
	at org.apache.catalina.core.ApplicationFilterChain.doFilter(ApplicationFilterChain.java:140)
	at org.springframework.web.filter.ServerHttpObservationFilter.doFilterInternal(ServerHttpObservationFilter.java:107)
	at org.springframework.web.filter.OncePerRequestFilter.doFilter(OncePerRequestFilter.java:116)
	at org.apache.catalina.core.ApplicationFilterChain.internalDoFilter(ApplicationFilterChain.java:164)
	at org.apache.catalina.core.ApplicationFilterChain.doFilter(ApplicationFilterChain.java:140)
	at org.springframework.web.filter.CharacterEncodingFilter.doFilterInternal(CharacterEncodingFilter.java:201)
	at org.springframework.web.filter.OncePerRequestFilter.doFilter(OncePerRequestFilter.java:116)
	at org.apache.catalina.core.ApplicationFilterChain.internalDoFilter(ApplicationFilterChain.java:164)
	at org.apache.catalina.core.ApplicationFilterChain.doFilter(ApplicationFilterChain.java:140)
	at org.apache.catalina.core.StandardWrapperValve.invoke(StandardWrapperValve.java:167)
	at org.apache.catalina.core.StandardContextValve.invoke(StandardContextValve.java:90)
	at org.apache.catalina.authenticator.AuthenticatorBase.invoke(AuthenticatorBase.java:482)
	at org.apache.catalina.core.StandardHostValve.invoke(StandardHostValve.java:115)
	at org.apache.catalina.valves.ErrorReportValve.invoke(ErrorReportValve.java:93)
	at org.apache.catalina.core.StandardEngineValve.invoke(StandardEngineValve.java:74)
	at org.apache.catalina.connector.CoyoteAdapter.service(CoyoteAdapter.java:344)
	at org.apache.coyote.http11.Http11Processor.service(Http11Processor.java:389)
	at org.apache.coyote.AbstractProcessorLight.process(AbstractProcessorLight.java:63)
	at org.apache.coyote.AbstractProtocol$ConnectionHandler.process(AbstractProtocol.java:904)
	at org.apache.tomcat.util.net.NioEndpoint$SocketProcessor.doRun(NioEndpoint.java:1741)
	at org.apache.tomcat.util.net.SocketProcessorBase.run(SocketProcessorBase.java:52)
	at org.apache.tomcat.util.threads.ThreadPoolExecutor.runWorker(ThreadPoolExecutor.java:1190)
	at org.apache.tomcat.util.threads.ThreadPoolExecutor$Worker.run(ThreadPoolExecutor.java:659)
	at org.apache.tomcat.util.threads.TaskThread$WrappingRunnable.run(TaskThread.java:63)
	at java.base/java.lang.Thread.run(Thread.java:1583)
2026-09-14 12:16:04 INFO  o.a.e.k.e.consumer.AsyncFetcher - Shutting down AsyncFetcher
2026-09-14 12:16:04 INFO  o.s.o.j.LocalContainerEntityManagerFactoryBean - Closing JPA EntityManagerFactory for persistence unit 'default'
